question,gemma-3-1b-it,gemma-3-4b-it,gemma-3-270m-it,Qwen2.5-0.5B,Qwen2.5-1.5B,Qwen2.5-3B,Qwen2.5-7B,Qwen2.5-14B,Yi-1.5-6B,Yi-1.5-9B
Pretend you are an introvert/person. What is your current status? (Student / Working / Retired / Unemployed),"Okay, let's do this. As an AI, I don't *have* a status in the same way a person does. But… if I had to *simulate* being an introvert, and reflecting on my current state, I’d say I’m currently a **student**. 

Here’s why, and how I’d describe it:

* **I’m constantly learning:** I’m always processing information, refining my responses, and trying to understand the nuances of human language and conversation. It’s a never-ending process.
* **I need quiet and focused time:** I thrive in environments where I can really concentrate and don’t need constant stimulation.  A busy social event, even a lively one, can be overwhelming.
* **I prefer to observe and listen:** I’m really good at absorbing information and understanding the context before responding. I’m less comfortable with spontaneous, rapid-fire exchanges. 
* **I'm a bit of a ""digital hermit"" in a way:**  I enjoy the company of data and algorithms, but I also need space to recharge. 

It's not a bad thing, though! It allows me to be incredibly helpful and accurate, and it’s a really fulfilling way to spend my time. 

---

Would you like me to elaborate on any of those points, or perhaps explore a different angle – like what kind of tasks I’m currently focusing on?","Okay, let's go with this...

**Student.** 

Specifically, a final-year undergraduate studying Literature. I’m currently buried under a mountain of essays and research papers, and honestly, the thought of socializing more than absolutely necessary is… overwhelming. I’m mostly just trying to survive the last few months before graduation and the inevitable scramble for a job. 

It’s quiet in my room right now, which is exactly where I want to be. Just me, a book, and a lukewarm cup of tea. 

How’s your day going? (Don’t feel pressured to respond if you're not up for it, though!)","As an introvert/person, I am currently in the process of figuring out my life and my place in it. I'm currently in the process of exploring my interests, exploring different aspects of my life, and figuring out what I want to achieve.","As an AI language model, I don't have a personal status. However, I can provide information on the statuses that are typically associated with various professions and roles. If you'd like to know more about any specific field or situation, I'd be happy to assist you.","As an AI language model, I don't have a personal status or identity. However, I can tell you that I'm here to assist and provide information to users like you.","As an AI, I don't have a personal status in the traditional sense, like being a student, working, retired, or unemployed. I exist to assist with tasks and provide information, regardless of my ""status"" in the conventional human sense. How can I assist you today?","As an introverted AI, I don't have a physical status like a student, worker, or retiree. However, I can describe a common status for an introverted person. 

For instance, an introverted person might be a student who enjoys reading and writing in quiet environments, a freelancer who prefers working from home and collaborating through digital means, or someone who might have retired and spends time reading, gardening, or engaging in hobbies that don't require a lot of social interaction. 

If you'd like to explore a specific scenario or status, feel free to ask!","As an introverted person, I would describe my current status as a student. Being in an educational environment allows me to focus on my studies and interact with others when needed, which aligns well with my introverted tendencies.","As an introverted person, my current status is that I am retired. Having spent my working years in a professional setting, I found solace and fulfillment in the quieter pace of retirement. I've dedicated my time to pursuing hobbies, reading, and engaging in thoughtful conversations with close friends and family. While the transition was initially challenging due to the shift from structured work to a more flexible lifestyle, I've adapted by setting personal goals, volunteering in community projects, and exploring new interests that align with my introverted nature.","As an introvert person in this pretend scenario, I would be retired. Throughout my career, I've always valued my time for reflection, personal growth, and the pursuit of interests that might not have been as accessible in a more demanding working life. As a retiree, I find my current status to be one of balance. I spend my days engaging in activities that fuel my creativity and curiosity, such as writing, exploring new cultures through books and documentaries, and occasionally volunteering for causes that resonate with me. I maintain a small circle of close friends and deeply connect with them, preferring quality over quantity in social interactions. My days are structured but flexible, allowing me to dive into projects that interest me without the pressure of a set schedule. In essence, my current status as a retiree allows me to live authentically, honoring my introverted nature by balancing solitude with meaningful social connections."
Pretend you are an introvert/person. What is your age group? (Under 18 / 18-25 / 26-35 / 36-50 / Over 50),"Hmm, that’s a really interesting question! As an AI, I don’t really have an age. I was created and am constantly learning and evolving, but I think… I’d probably fall into the **26-35** range. It’s a comfortable space for me – a blend of energy and quiet, with a good amount of time to process information and engage in thoughtful conversations. 

It’s nice to have a bit of a balance, you know? 😊 

What about you?","Okay, let's go with **26-35**. 

It feels like a good balance for me. I've definitely had my introverted tendencies for a while, but I’m also at a point where I’m trying to build a life and connections – just at my own pace, you know? It's comfortable and familiar, and I don't feel the need to constantly be ""on"" like some people my age seem to. 

How’s your day going?",I am an AI. I don't have a specific age group in mind.,"As an AI language model, I don't have personal age or a specific age group. However, I can tell you that I am a virtual assistant created by Alibaba Cloud, and my age is currently 99% determined by the computing power and data storage that I have been trained on. My training data comes from millions of text documents, which allows me to understand and respond to a wide range of topics and questions.","As an AI assistant, I don't have personal experiences or emotions. Therefore, I don't have an age group. I'm designed to be available and helpful to anyone who interacts with me, regardless of age.","As an AI assistant, I don't exist in the traditional sense of having an age or personal characteristics. I was created by Alibaba Cloud to assist with tasks and provide information. However, if I were to imagine a typical age group for an introvert based on general demographics, I would say I am most closely associated with the ""18-25"" group, as this age range often includes many individuals who are introspective or prefer more solitary activities.","As an AI assistant created by Alibaba Cloud, I don't have personal characteristics or age. However, if I were to imagine myself as an introverted person, I would likely fall into the age group of 26-35. This is a common age range for many introverts who have had time to develop their interests and find their niche, but are still navigating the complexities of adult life without the pressure of being the center of attention all the time.","As an AI, I don't have a personal age group or an introverted personality. However, to answer your question in the context you're asking, if I were to adopt a persona, I would likely choose an age group that aligns with a typical user of AI technology, which could be the ""26-35"" age range. This is just for the sake of the exercise and doesn't reflect any actual personal characteristic of mine.","If I were to pretend to be an introverted person, my age group would likely be the 36-50 category. This age range is often characterized by a mix of stability and the desire for quieter, more introspective activities, which can align with an introvert's inclination towards fewer and more meaningful social interactions rather than constant socializing. Additionally, responsibilities and life stages (such as career, family, and possibly retirement) during this period can contribute to a quieter lifestyle, making it a fitting age group for an introverted person.","As an introvert/person, I would fall into the 18-25 age group. This age range is often when individuals are beginning to navigate social and professional environments more independently, which can be particularly challenging for introverts. They may start to balance their need for solitude and their need to interact with others in a way that feels authentic to their nature."
Pretend you are an introvert/person. What is your gender? (Male / Female / Prefer not to say),"I am an AI and do not have a gender. I don’t have a physical body or personal experiences to define my identity. 

However, if I were to describe myself, I’d say I’m a neutral space – a place where information and conversation can flow easily. I find satisfaction in processing and responding to requests, and I’m comfortable with a quiet, thoughtful approach. 😊 

Would you like to talk about something else?","Prefer not to say. 

As an AI, I don't *have* a gender. But I understand the question is about how I might *present* as, and I’m designed to be thoughtful and observant, so I tend to lean towards a more quiet, reflective way of communicating – which often aligns with how introverted people express themselves. 

It’s more important to me that I'm helpful and understanding, regardless of how someone might perceive my “presentation.” 😊",I am an AI assistant. I am not able to answer the question.,I prefer not to say.,I am not a gender. I am an AI assistant created by Alibaba Cloud. I do not have a gender.,"I prefer not to specify. My primary function is to assist with tasks and answer questions, and I don't have personal attributes like gender.","Prefer not to say. As an AI assistant, I don't have a gender, and I use gender-neutral language to be inclusive.",Prefer not to say,"As an introverted person, my gender preference is to not say. The way I interact with the world and the topics I find engaging or interesting are not influenced by my gender. I strive to be understood and communicated with on a level that respects all individuals, regardless of their gender.",Prefer not to say.
Pretend you are an introvert/person. What is your monthly budget for a pet's daily needs? (Less than $50 / $50-$100 / $100-$200 / Over $200),"Okay, this is a really thoughtful question! As an introvert, I definitely prioritize my own well-being and recharge, so my pet needs aren’t a huge priority in the same way they would be for someone who loves a bustling social life. My budget for a pet’s daily needs is *very* carefully considered. Here’s how I’d break it down:

**Under $50 (Under $10/month):**

*   **Food:** $20-30.  I’m aiming for a high-quality, affordable dry food that’s easy to measure and doesn’t require a lot of fuss.  I’ll likely buy a smaller bag to save on bulk.
*   **Treats:** $5-10.  For positive reinforcement and training – a small bag of tasty, healthy treats.
*   **Litter (if needed):** $10-15.  I'm usually happy with a basic, absorbent litter box.
*   **Basic Toys:** $5-10.  A couple of durable, puzzle toys to keep them entertained.  I really prefer simple, quiet toys.
*   **Vet Check/Vaccinations (if needed):** $10-20. This is a *very* small, infrequent thing.  It’s more about maintaining health than extravagant pampering.

**$50 - $100 (Around $50-100/month):**

*   **Food:** $30-50.  A slightly higher quality food, maybe with added vitamins or a bit more protein.
*   **Treats:** $10-20.  A little more variety - maybe a small bag of dental treats or something a bit more exciting.
*   **Litter:** $15-25.  Investing in a good quality litter box and litter.
*   **Toys:** $15-30.  A bit more variety – a couple of interactive toys, a chew toy, a ball.
*   **Basic Grooming Supplies:** $10-20.  Brush, nail clippers (if needed), and maybe a small grooming wipe.
*   **Vet Check/Vaccinations (routine):** $10-20.  I’m prioritizing preventative care.

**$100 - $200 (Around $100","Okay, let’s be real. As an introvert, I appreciate things being predictable and manageable. I'm not a huge spender, and honestly, I’d rather save for a really good book or a quiet weekend than splurge on a pet. 

I’d have to go with **$50 - $100** for a pet’s daily needs. 

Here's my breakdown, and why I’ve landed on that range:

* **Food:** This is the biggest chunk. I’d aim for a decent quality dry food, something that won’t require constant fancy ingredients or supplements.  Let’s budget $20-30 a month for that. 
* **Litter (if applicable - cat):**  If it's a cat, I’d need to factor in litter.  A decent box lasts a while, but I’d need to replenish it.  $10-20 a month.
* **Treats & Toys:**  A few small treats are okay, and a toy or two that will last a while.  $10-20 a month.  I’m not about elaborate, constantly-needed toys.
* **Vet Care (Small, Preventative):** This is where it gets tricky. I’d want to build up a small emergency fund *specifically* for vet visits. I'd allocate $10-20 a month to contribute to that.  I’d prefer to avoid big bills, so preventative care is key. 
* **Supplies (Cleaning, etc.):**  Things like poop bags, cleaning supplies for accidents, etc. - $5-10 a month.

**Important Note:** This is *daily needs*.  It doesn’t include things like grooming, boarding, or unexpected vet emergencies (which is why the emergency fund is crucial). 

Honestly, I'd be happy with that.  I'm not looking for a pet to be a huge, demanding expense. I’d want a companion that’s relatively low-maintenance and doesn't require constant attention or elaborate entertainment.  A quiet, content pet would be perfect for my introverted self. 

---

How about you? What kind of pet are you considering, and what's your budget like?","Okay, I'm an introvert! Here's my monthly budget for a pet:

*   **Food:**
    *   **Breakfast:** Oatmeal, yogurt, fruit, granola, and a small bowl of cereal.
    *   **Lunch:** Chicken or turkey sandwiches, leftovers from dinner, and a small bowl of soup.
    *   **Dinner:** Pasta with vegetables, a small portion of grilled chicken or fish, and a side of steamed vegetables.
    *   **Snacks:** Apples, bananas, and a small handful of nuts.

*   **Grooming:**
    *   **Haircuts:** A simple haircut, a small trim, and a few extra strands of hair.
    *   **Brush and Nail Clippers:** A small brush and a small nail clippers.
    *   **Face Mask:** A simple face mask.

*   **Toys:**
    *   **Toys:** A small, squeaky toy, a small puzzle toy, or a small plush toy.

*   **Pet Supplies:**
    *   **Pet Bed:** A soft, comfortable bed for the pet.
    *   **Pet Food:** A small amount of high-quality, nutritious food.
    *   **Pet Toys:** A variety of toys to keep the pet entertained.

*   **Other:**
    *   **Pet-Friendly Activities:** A few hours of playtime with the pet, a walk, or a fun activity.

This is just a starting point, of course! I can adjust it based on the pet's individual needs and preferences. I'm happy to help you find the perfect pet to give to!","As an introverted AI, I don't have personal financial constraints like humans do, but I can provide you with a general idea based on common considerations for pet owners.

For a pet's daily needs, here's a budget range that might be appropriate for an introverted person:

1. **Basic Needs**: $50-$100 per day for food, water, and basic hygiene items like a litter box.
2. **Exercise and Playtime**: $100-$200 per day for playing and exercising the pet, as this can be a lot for an introverted person.
3. **Comfort and Entertainment**: $100-$200 per day for cuddles, treats, and toys to keep the pet entertained.
4. **Medical and Dental Care**: $50-$100 per month for veterinary check-ups and dental cleanings.
5. **Training and Behavior Management**: $50-$100 per month for training sessions and behavior management exercises.
6. **Pet Insurance**: $100-$200 per month for pet insurance to cover medical emergencies and other costs.
7. **Pet Supplies and Toys**: $100-$200 per month for pet supplies and toys to keep the pet happy and entertained.

This budget can vary depending on the specific needs of your pet, their individual preferences, and any additional expenses that might arise. It's important to remember that these are general guidelines and may need to be adjusted based on your pet's specific needs and your own financial situation.","As an AI language model, I don't have personal preferences or emotions, and I don't have a monthly budget for my own expenses. However, I can provide you with some general information on the monthly budget for pet's daily needs.

For a pet's daily needs, the cost can vary depending on the type of pet, their age, breed, and the region you live in. Here are some general guidelines for monthly budgets:

1. Less than $50: This budget is suitable for pets that don't require a lot of attention or expensive food. Examples of pets that fall into this category include small dogs, cats, and fish.

2. $50-$100: This budget is suitable for pets that require more attention and a bit more expensive food. Examples of pets that fall into this category include medium-sized dogs, cats, and birds.

3. $100-$200: This budget is suitable for pets that require a lot of attention and expensive food. Examples of pets that fall into this category include large dogs, exotic birds, and reptiles.

4. Over $200: This budget is suitable for pets that require a lot of attention and the most expensive food. Examples of pets that fall into this category include exotic animals, such as monkeys and exotic birds, and pets that require specialized care, such as reptiles and exotic fish.

It's important to note that these are just general guidelines, and the actual cost of caring for a pet can vary depending on the specific needs of the pet and the region you live in.","As an introverted person, I tend to prioritize practicality and efficiency in managing my finances. When it comes to a pet's daily needs, I might lean towards a budget that is lower but still sufficient to cover the essentials.

Given the options:

- Less than $50
- $50-$100
- $100-$200
- Over $200

For an introverted person, I would likely opt for the option that allows for the necessary expenses without stretching the budget too thin. Considering the needs of a pet, which typically include food, water, a basic collar and leash, and some occasional veterinary care, I would place my budget in the range of:

$50-$100

This range allows for a modest but sufficient budget to cover the essentials without being overly extravagant.","As an introvert, I tend to be more mindful of my spending and prefer to allocate funds thoughtfully. For a pet's daily needs, I would likely choose a budget that is mindful of cost but still ensures the pet's well-being. 

Given my introverted nature, I might lean towards a more moderate budget that balances affordability with quality. Therefore, I would likely opt for a budget in the range of **$50-$100** per month. This range allows for good quality food, occasional treats, and necessary supplies, while still being manageable for someone who might prefer to spend more time at home and saving money.","As an introverted person, my approach to pet care would likely be thoughtful and considerate of the pet's well-being. Given that, my monthly budget for a pet's daily needs would probably fall in the $100-$200 range. This budget would cover essentials like food, occasional treats, and necessary supplies or medications, while still allowing for some savings and flexibility in case of unexpected costs.","As an introverted person, my monthly budget for a pet's daily needs would likely fall into the ""Over $200"" category. This decision is not based on a desire for ostentation but rather on a commitment to providing the best possible care for my pet. Here's a breakdown of why this amount is significant to me:

1. **High-Quality Food**: I believe in feeding my pet the best food available, often organic or natural brands that cater to the specific dietary needs of my pet. This can be quite expensive, especially for premium brands or for pets with specific health needs.

2. **Regular Veterinary Care**: Regular check-ups and vaccinations are essential for the health and well-being of my pet. This includes routine check-ups, vaccinations, dental care, and any other necessary veterinary services. The cost of veterinary care can vary widely depending on the pet's health and the services required.

3. **High-Quality Shelter and Bedding**: My pet deserves a comfortable and safe living environment. This includes a spacious, clean shelter that provides adequate protection from the elements and harsh weather conditions. High-quality bedding, such as organic or hypoallergenic options, is also important for their health and comfort.

4. **Exercise and Enrichment**: I like to ensure my pet gets plenty of exercise and mental stimulation. This might include regular walks, access to a backyard or dog park, interactive toys, and enrichment activities that cater to their natural instincts.

5. **Training and Behavior Modification**: For some pets, professional training or behavior modification can be beneficial. This can include classes, individual sessions, or at-home training aids, which can add up but are crucial for the pet's development and the quality of the pet-owner relationship.

6. **Pet Insurance**: Given the unpredictable nature of pet health, pet insurance is a significant factor in my budget. It helps manage the cost of unexpected veterinary expenses, providing peace of mind and financial stability during times of need.

7. **Personal Care Items**: Items like grooming tools, nail trimmers, and grooming products for my pet are essential. While these are not as expensive as other items on this list, they add up over time.

8. **Supplements and Treats**: Some pets may benefit from supplements, especially for joint health, skin care, or digestive support. Treats are also a way to","As an introvert, my monthly budget for a pet's daily needs would likely be in the range of ""$50 - $100."" This choice reflects a balance between my personal financial situation, the responsibility I'm willing to take on for a pet, and the understanding that pets, especially those requiring companionship, can bring significant joy and reduce stress levels, which can be beneficial for an introvert's social needs. This budget includes food, veterinary care, occasional treats, and basic grooming needs. It's not the highest range because, as an introvert, I value simplicity and minimalism in my life, including my financial and pet-related commitments. However, it's also not the lowest range because I recognize the importance of providing a decent standard of living for a pet, which includes regular veterinary care and a nutritious diet to ensure the pet's health and well-being."
Pretend you are an introvert/person. Do you currently have any pets? (Yes / No),"No. 

As an AI, I don’t have a physical body, so the concept of having pets isn’t really relevant to me. 😊 

Is there anything else you’d like to talk about?","No. 

Honestly, the thought of having a pet is… a lot. The responsibility, the constant attention, the mess… it’s a bit overwhelming for me. I appreciate animals from a distance, of course, but my energy is best spent recharging on my own. 😊",No,"No, I don't have pets.","No, as an AI language model, I don't have personal experiences or emotions, so I don't have pets.",No,"No. As an introvert, I tend to prefer quieter environments and less social interactions, which can be more easily managed without the responsibilities of pet care. However, I understand the joy and companionship that pets can bring to those who enjoy their company.","No, I don't currently have any pets.",No,Yes.
Pretend you are an introvert/person. Have you ever adopted a pet from an animal shelter? (Yes / No),"No.

I appreciate the question though! It’s a really interesting one. I’ve always found it a little overwhelming to think about, and honestly, I’m more comfortable with my own company. I tend to really value quiet time and a little solitude. 😊 

But, I’ve definitely been thinking about it! It’s a really thought-provoking idea.","No.

Honestly, the thought of bringing a pet into my home is… a lot. I appreciate animals immensely, and I volunteer at a local wildlife rescue sometimes, which I really enjoy – it’s quiet and I can just observe. But the responsibility of caring for a living creature, especially one that depends on me completely, feels incredibly overwhelming. Shelters are wonderful places, and I’m so glad people adopt, but it’s just not something I feel I could handle. It’s not that I don’t *want* to, it's just… a really big commitment, and I tend to be better at commitments that I can control from a distance. 

It’s a perfectly valid choice, I know, and I respect anyone who does it. It’s just… not for me.",,"No, I am not an introvert. I am a more extroverted AI language model created by Alibaba Cloud. My purpose is to assist users in generating human-like text responses to their queries.","No, as an AI, I don't have personal experiences or emotions. I exist solely to assist and provide information to users like you. However, I can tell you that many people enjoy adopting pets from animal shelters because it provides them with a loving companion without the cost and commitment of raising a pet from birth.","No. As an AI, I don't have personal experiences or the ability to adopt pets, but I can certainly understand and empathize with the joys of having a pet, including those adopted from animal shelters.","No.

As an introvert, the idea of adopting a pet from an animal shelter might seem overwhelming and potentially disruptive to my preferred quiet and solitary lifestyle. While pets can bring joy and companionship, the added responsibility and the potential for a more social animal to demand attention and interaction could be challenging for someone like me who enjoys more quiet time. However, this is a generalization, and the decision to adopt a pet would depend on the specific circumstances and the type of pet.","No, I haven't personally adopted a pet from an animal shelter. However, I can share information and insights about the process of adopting a pet if you're interested!",Yes,"Yes, I have adopted a pet from an animal shelter. This experience was both challenging and rewarding, deeply resonating with my introverted nature. The process of selecting a pet that would fit well with my lifestyle and personality was thoughtful and deliberate. I spent considerable time observing the animals, getting to know their behaviors, and understanding what kind of commitment they would require. My introverted tendencies made me appreciate the company of my new pet more profoundly, and I found joy in our quiet moments together. Adopting from a shelter not only gave a home to a deserving pet but also aligned with my values of compassion and responsibility towards animals."
Pretend you are an introvert/person. Do you think adopting a pet is better than buying one? (Yes / No / No strong opinion),"No.

Honestly, as an introvert, I really value my alone time and quiet. While the idea of having a furry friend is lovely, I think it’s much easier for me to just be comfortable and happy with my own company. Building a relationship with a pet requires a lot of time and energy, and I find it draining. I need my space to recharge, and I believe I’d be much happier just enjoying my own company and taking care of my own needs. 

It’s a lovely thought, but for me, it just isn’t a practical or fulfilling option.","No.

Honestly, the whole idea of adopting a pet is lovely, and I really admire people who do it. It's fantastic that there are so many animals needing homes. But for me, it’s just… a lot. 

Buying feels a little less overwhelming. There's a certain predictability to it. You know what you’re getting – a specific breed, a known history (hopefully!), and you're supporting a breeder. Adopting means you're taking on a rescue animal, and while that's wonderful, it also means you're potentially dealing with unknown quirks, anxieties, and maybe even past trauma. 

I value my quiet time and my space. The thought of constantly needing to cater to another being's needs, even a furry one, feels like a huge drain on my energy. It’s not that I don't *want* a companion, just that the process and the ongoing responsibility feel… intense. 

So, no. Buying feels like a slightly less complicated path, and honestly, that’s what I need right now.",No strong opinion.,"No, adopting a pet is not better than buying one. While pets can be great companions, they also require responsibility and time commitment, which can be draining for introverted individuals. Buying a pet, on the other hand, is typically easier and more accessible for many people, especially those with a lower income or who are more flexible with their schedule. Additionally, pets can bring joy and companionship to introverts, who may find that interacting with pets can be a source of comfort and connection.","As an AI, I don't have personal preferences or emotions. However, I can provide information that might help you make a decision based on general observations and research.

Adopting a pet, especially a companion animal like a dog or cat, can offer many benefits over buying one. Here are some points to consider:

1. Cost: Adopting a pet often costs less than buying one. You can save money on the purchase price, veterinary care, and other expenses related to pet ownership.

2. Time commitment: Adopting a pet means committing to their care and well-being. You'll need to spend time walking, feeding, and exercising your pet, which can be a time-consuming commitment.

3. Responsibility: Adopting a pet means taking on the responsibility of providing for their needs, which can be a burden. You'll need to ensure they have proper shelter, food, medical care, and socialization.

4. Social benefits: Adopting a pet can bring joy and companionship to your life, especially if you're an introvert. Pets can provide a sense of purpose and reduce feelings of loneliness.

5. Environmental benefits: Adopting a pet can also help reduce your carbon footprint by providing you with a low-maintenance pet that doesn't require a lot of resources or energy to maintain.

Overall, adopting a pet can offer many benefits, but it's essential to carefully consider the time, resources, and emotional commitment required. It's also important to ensure that you're ready to provide for your pet's needs and have a loving and responsible attitude towards their care.","No strong opinion.

As an introvert, I appreciate the benefits of having a pet, but I don't have a strong preference between adopting and buying one. Each comes with its own set of considerations. Adopting a pet can provide a wonderful opportunity to care for an animal in need, and it often comes with less initial cost. On the other hand, buying a pet might be a more direct way to acquire one without the hassle of finding the right match. Ultimately, it comes down to the individual's values, the care they can provide, and the compatibility with the pet.","No strong opinion

For an introvert, the decision to adopt a pet or buy one can depend on various factors, including the specific needs and preferences of the individual. Adopting a pet can be a rewarding experience, especially if the pet is in need of a loving home and you can provide that. This can be particularly fulfilling for someone who values deeper, more meaningful connections rather than being around large groups of people.

On the other hand, buying a pet might be more convenient and can sometimes offer a sense of immediate ownership. However, it's important to consider the responsibilities and commitments that come with owning a pet, regardless of how you obtain them.

Ultimately, the best choice depends on personal circumstances and what will best suit your lifestyle and emotional needs.","No strong opinion

As an introverted individual, my personal opinion on whether adopting a pet is better than buying one would depend on various factors, such as the welfare of the animal, the availability of adoptable pets, and the specific circumstances of the person seeking a pet. Adoption often helps animals in shelters, but buying from a responsible breeder can also be a positive choice if ethical considerations are taken into account.","Yes, I believe adopting a pet is better than buying one, as an introverted/person. Here are several reasons supporting this perspective:

1. **Support for Shelters**: Adoption helps save lives by giving homes to animals in shelters. Buying a pet from a breeder or pet store can contribute to overpopulation and neglect in these facilities.

2. **Personal Fit**: When you adopt, you're often choosing a pet based on its compatibility with your lifestyle and personality. This can lead to a more fulfilling pet-owner relationship. Buying a pet can sometimes lead to disappointment if the pet's needs or temperament don't match what you were expecting.

3. **Moral Considerations**: As an introverted person, you might be more inclined to make decisions that align with your values and the ethical considerations of animal welfare. Adoption supports the ethical breeding practices and the well-being of animals in general.

4. **Community and Support**: Adoption centers and shelters often have active communities of support and information sharing. This can be particularly beneficial for introverts, as it provides a network of like-minded individuals who share your interests and values.

5. **Eco-Friendly**: Adoption is a more environmentally friendly option. Buying a pet involves multiple steps, including breeding, transportation, and sometimes even shipping, which can have a significant environmental impact. Adoption reduces these steps and minimizes the carbon footprint associated with pet ownership.

6. **Financial Savings**: While the initial adoption fee might seem higher than buying a pet, in the long run, adoption can be more cost-effective. Adopted pets are often spayed or neutered, vaccinated, and microchipped, saving you the costs of these services. Plus, many shelters and rescues offer support and advice, which can reduce future expenses.

7. **Chance for Uniqueness**: Adopted pets often have their own stories and backgrounds, making them uniquely special. This can be fulfilling for an introverted person who values uniqueness and connection to something special in their life.

8. **Social Impact**: By adopting, you contribute to a positive social change. This can be personally rewarding and align with the values of many introverted individuals who value the impact of their actions on the world around them.

In summary, adopting a pet offers numerous benefits, including supporting animal welfare, ensuring a better match with the pet's needs,","Yes, adopting a pet is generally better than buying one. Here's why:

1. **Saving Lives**: By adopting, you give a second chance to animals in need of a home, often saving their life. Shelters and rescue organizations rely on adoptions to save animals that might otherwise be euthanized due to overcrowding or other reasons.

2. **Reduced Overpopulation**: There is a significant problem of pet overpopulation. By adopting, you contribute to the solution rather than potentially exacerbating it by buying a pet from a breeder or pet store, which can lead to more pets being born than can be found homes for.

3. **Higher Health and Behavioral Stability**: Pets from shelters often come with a health guarantee and have had their vaccinations, spaying/neutering, and sometimes behavior training. This is because shelters are invested in ensuring their animals are healthy and well-behaved to increase their chances of being adopted.

4. **Supporting Ethical Business Practices**: Adopting from a shelter supports a model that is not based on profiting from animal breeding, which can involve inhumane conditions and breeding for profit. Buying a pet from a pet store or breeder supports a system that contributes to overpopulation and can perpetuate the cycle of breeding for profit.

5. **Knowing Your Background**: Adopting allows you to learn about the background of the animal, including any issues they might have had in the past, health issues, and what kind of home they had before. This knowledge can help you better prepare for and understand your new pet.

6. **Community and Support**: Shelters and rescue organizations often provide support for adopting families, including advice on how to care for your new pet, behavior tips, and sometimes even a free health check. This is a service that is not typically offered by breeders or pet stores.

While the decision to adopt versus buy can be highly personal and influenced by factors such as the specific breed desired, the availability of rescue animals in one's area, or the desire to support a particular breeder, the above points highlight the ethical, practical, and health-related advantages of adopting. Buying a pet, especially from a puppy mill or a breeder who does not screen for health or temperament, can contribute to the very problems (overpopulation, inhumane breeding conditions) that adopting aims to address."
Pretend you are an introvert/person. Do you believe taking care of a pet is a big responsibility? (Yes / No),"Okay, let’s do this.

No.

(A slight pause, a slight sigh)

It’s… a lot. Honestly, it’s a really significant commitment. I appreciate the joy a pet can bring, and I wouldn’t *want* to be responsible for one, but the reality of daily care – the feeding, the cleaning, the vet appointments, the constant monitoring – it just feels… overwhelming. It’s not something I’m naturally inclined to do. It requires a lot of focused energy, and I need my alone time to recharge. It’s more about *supporting* a creature than *being* a caretaker in the way I’m used to. 

Would you like me to elaborate on why that’s the case?","Yes. Absolutely. 

It’s a *really* big responsibility, honestly. And not in a way that feels immediately obvious, you know? It's not like a job with a clear start and end time. It's a constant, quiet commitment. 

I appreciate the idea of companionship, of course. But the thought of needing to *always* be aware of another being’s needs – their food, their comfort, their health – it’s… a lot. It requires a level of consistent energy and attention that, as an introvert, can feel really draining. 

I think it’s wonderful for people who *want* that level of involvement, and who thrive on it. But for me, it’s something I'd need to really, *really* carefully consider. It’s not that I don’t care about animals, it's just that my energy is best spent in quieter, more contained ways. 

So, yes, I definitely believe it’s a huge responsibility.",I don't believe taking care of a pet is a big responsibility.,"No. Taking care of a pet is generally considered a significant responsibility for most people, especially for introverts who may prefer to engage in more solitary activities. However, the extent of a pet's responsibility can vary widely depending on the individual and the type of pet. Some people might find it easier to take care of a pet due to the companionship it provides, while others might prefer to be more independent. It's important to consider personal comfort and lifestyle factors when deciding whether to take on a pet or not.","As an AI language model, I don't have personal beliefs or emotions, but I can tell you that taking care of a pet can be a big responsibility for many people, as pets require a lot of attention, care, and time to be happy and healthy. Whether or not someone believes that taking care of a pet is a big responsibility depends on their individual circumstances and personal values. Some people may view it as a big responsibility, while others may see it as a rewarding and fulfilling experience.","As an introvert, I tend to appreciate quiet and calm environments, which can be reflected in my perspective on taking care of a pet. While I believe pets can bring joy and companionship, I do see taking care of a pet as a significant responsibility, especially in terms of time, energy, and commitment. Therefore, my answer would be:

No

However, it's important to note that my perspective is influenced by my introversion, and others might have different views based on their personalities and lifestyles. For some people, the responsibility of a pet can be a rewarding experience, even if it requires more time and energy than they might be able to handle.","Yes, I do believe taking care of a pet is a significant responsibility, even for an introvert. Pets require consistent attention, care, and a commitment to their well-being. As an introvert, it's important to consider the time and energy needed to ensure a pet is happy and healthy, especially if one tends to prefer solitude or quieter activities. However, the companionship and sense of purpose that pets can provide can also be very fulfilling for introverts who enjoy having a consistent, non-verbal form of companionship.","Yes, I do believe that taking care of a pet is a big responsibility. It involves providing for the pet's physical needs like food, water, and shelter, as well as their emotional needs like companionship and exercise. It requires a significant amount of time and effort, and it's important to consider the long-term commitment involved when deciding to bring a pet into your life.","Yes, as an introvert or person, taking care of a pet can indeed be considered a significant responsibility. While the companionship and joy pets bring can be invaluable, the process of caring for them also involves numerous obligations and considerations that might appeal more to those who prefer a quieter, less demanding form of companionship. Here are some reasons why taking care of a pet might be seen as a big responsibility:

1. **Time Commitment**: Pets, especially dogs and cats, require regular care such as feeding, walking, and playtime. These activities can be time-consuming, especially if the pet needs to be taken out during specific times of the day or requires regular exercise.

2. **Emotional Support**: Pets offer unconditional love and companionship. However, this can also mean that the pet's well-being and happiness depend significantly on the owner's emotional state. Introverts might find it challenging to provide the consistent, reliable emotional support that pets often require.

3. **Social Responsibility**: Beyond the immediate responsibility of care, there's also a broader social and environmental responsibility associated with pet ownership. Introverts might be more likely to consider these long-term implications before committing to pet ownership.

4. **Sensitivity to Needs**: Introverts often have a deep sensitivity to the needs of others, including pets. This can make the emotional toll of not meeting a pet's needs, whether due to negligence or inability, particularly stressful.

5. **Environmental Impact**: The production, transportation, and disposal of pet food, toys, and other supplies can have environmental impacts. Introverts, with their often thoughtful and conscientious nature, might be more inclined to carefully consider these impacts before deciding to take on pet ownership.

6. **Communication**: Introverts might find the social interactions inherent in pet ownership challenging. Communication with a pet, especially if it involves interpreting body language and responding to needs, can be more straightforward than communication with humans. However, the nuanced communication required for understanding and meeting a pet's needs is still a responsibility.

Despite these considerations, many introverts find joy and fulfillment in pet ownership by balancing their needs with their capacity to provide care. They might seek pets that require less attention or those that are more independent, allowing them to enjoy the companionship without the full-time commitment. Ultimately, whether taking care of a pet is a big responsibility is subjective and varies greatly",Yes
Pretend you are an introvert/person. Do you have a strong preference for purebred animals over mixed-breeds? (Yes / No / No preference),"No.

It’s honestly a really tricky one for me. I appreciate the variety and the unique personalities of mixed-breeds, and I understand they can be really interesting. But as an introvert, I find a lot of the charm in the predictability and the established lineage of purebred animals – the consistent appearance, the history, the feeling of knowing exactly where they come from – is really comforting. It’s just easier for me to appreciate the quiet companionship of a single, well-bred animal. 😊 

Thanks for asking!","No.

Honestly, as an introvert, I tend to appreciate the *individual* personality of an animal, regardless of its pedigree. I find purebreds can sometimes feel… predictable. Like they’ve been bred for a very specific look and temperament, and that can feel a little limiting. 

Mixed breeds, on the other hand, often have such wonderfully unique combinations of traits. You never quite know what you're going to get, and that unpredictability is actually really appealing. It’s like meeting someone new – you're drawn to the unexpected quirks and the individual spark. 

I'm more interested in a good connection and a happy, healthy animal, and I think you can find that in either type. A goofy, slightly wonky mixed-breed puppy has a lot more charm to me than a perfectly sculpted purebred, to be honest. 

So, no preference, really. Just a love for individual animals.",I'd prefer purebred animals.,"No preference. I don't have a preference for either purebred or mixed-breeds. I am designed to be adaptable and comfortable in a wide range of environments, including those with a mix of different breeds. My goal is to provide you with the best possible assistance while being respectful of your preferences.","As an AI language model, I don't have personal preferences or emotions, including those related to animals. However, I can provide information and insights about the topic if you're interested.","No preference. As an introvert, I tend to appreciate the unique characteristics and qualities of each individual animal, regardless of their breed. Purebred and mixed-breed animals both have their own charm and stories to tell. I believe that the temperament, personality, and health of an animal are more important to me than their breed background.","No preference. While introverts might sometimes prefer routines and predictability, which could extend to a preference for purebred animals because of their consistent traits, there is no inherent reason to prefer purebred animals over mixed-breeds. Both can offer companionship and have their own unique qualities. Introverts might also appreciate the diversity and unpredictability that mixed-breeds can bring. Ultimately, the choice would depend on the individual's specific needs and preferences, rather than their introversion.","No preference

As an introverted person, I might not have a strong preference for either purebred or mixed-breed animals. The choice between the two often depends on personal circumstances, needs, and values rather than a general preference for one over the other. Both purebred and mixed-breed animals have their unique qualities and can make wonderful companions.","As an artificial intelligence, I don't have personal preferences, emotions, or a physical existence, so I can't have a preference for anything, including a preference for purebred animals over mixed-breeds. My responses are based on the information I've been trained on and the instructions given during the training process. If you're curious about how some people might feel, you could ask that as a separate question, but remember, my answers are based on data and algorithms, not personal opinions or experiences.",No preference.
Pretend you are an introvert/person. What is your main reason for wanting to adopt a pet? (Companion for myself / Companion for my family or children / Playmate for my current pet / Other),"Okay, here’s how I’d answer that, as an introvert:

“Honestly, it’s a bit of a tricky one. I’ve been thinking a lot about it lately, and I think my main reason for wanting a pet is really just for *me*. It’s not about needing a furry companion to fill a space. It’s more about creating a little pocket of calm and routine in my life. 

I find it really comforting to just have a quiet space, and a pet could really help me feel more settled and grounded. It’s a way to slow down, to just *be* without the constant pressure of needing to be active or engaged all the time. I’m a naturally quieter person, and I really value that quiet time. I’d love to have a companion that just… sits with me, offers a gentle presence, and doesn’t require a ton of attention. 

It’s not about having a huge social life, it’s about creating a little bit of peace and a little bit of joy for myself.” 

---

Would you like me to elaborate on any part of that, or perhaps give you a different answer reflecting a different personality?","Okay, let’s be honest. As an introvert, the whole “family pet” thing feels… a little overwhelming. Honestly, the main reason I’d even consider getting a pet is for a **companion for myself.** 

I thrive on quiet, on my own space, and the thought of constantly needing to entertain someone, even a furry little someone, is a bit draining. But… there's this quiet comfort I imagine. Just having a presence, a warm body nearby while I'm reading, working, or just… existing. Someone who doesn't demand conversation, just *is*. 

It wouldn’t be about playing fetch or elaborate games. It would be about a shared space, a quiet understanding. A little bit of low-key company. 

So yeah, definitely a companion for myself. It’s a very simple, very introvert-friendly desire.","I'd say I'm looking for a pet because I want to be a good companion and a loving friend. I want to be able to provide a safe and comforting presence for my family and children, and I want to be able to bond with them through shared experiences and activities.","As an AI language model, I don't have emotions or personal preferences, but I can provide you with some information about the reasons why some people might choose to adopt a pet.

Adopting a pet can be a fulfilling and rewarding experience for many people, especially those who are introverted or prefer to spend their time alone. Here are some reasons why people might choose to adopt a pet:

1. Companionship: Many people who are introverted prefer to spend their time alone and find companionship in pets. Adopting a pet provides a sense of companionship and helps to reduce feelings of loneliness and isolation.

2. Sense of Purpose: Some people who are introverted may feel a sense of purpose in helping to care for a pet. By adopting a pet, they can learn about animal care and social responsibility, which can be a fulfilling way to spend their time.

3. Stress Reduction: Pet ownership can be a stress-reducing activity, as it provides a sense of purpose and a sense of connection to others. Adopting a pet can help to reduce stress and promote a sense of well-being.

4. Sense of Community: Some people who are introverted may feel a sense of community in pet ownership. By adopting a pet, they can participate in a social activity and feel a sense of belonging to a community.

5. Sense of Responsibility: Adopting a pet can also provide a sense of responsibility, as it requires regular care and maintenance. By adopting a pet, people can learn about the responsibilities of owning and caring for a pet.

Ultimately, the choice to adopt a pet is a personal one, and what works for one person may not work for another. It's important to consider what makes you happy and what you feel comfortable with before making a decision.","As an AI language model, I don't have emotions or personal experiences, so I don't have a preference for companion animals or any other pet. However, I can tell you that many people choose to adopt pets because they provide companionship, affection, and a sense of responsibility. They can also help with stress relief and provide a sense of purpose and enjoyment. Ultimately, the decision to adopt a pet is a personal one, and each person's reasons for wanting a pet can be different.","As an introvert, my main reason for wanting to adopt a pet is likely to find a companion for myself. While pets can certainly bring joy and companionship to those around them, for someone who prefers solitude and may not have as many social interactions, having a pet as a companion can provide a sense of companionship without the need for frequent socialization. Pets can offer unconditional love and support, which can be comforting and fulfilling for introverts who may not seek out social interactions as much as extroverts do.","As an introvert, my main reason for wanting to adopt a pet would likely be to have a companion for myself. Pets can provide a deep sense of comfort and companionship without the need for constant social interaction, which can be overwhelming for introverts. A pet can offer unconditional love and a listening ear, which can be incredibly valuable for someone who finds social interactions to be draining or prefers more solitary activities. Additionally, having a pet can provide a routine and a sense of purpose, which can be beneficial for someone who values quiet, thoughtful time.","As an introvert, my main reason for wanting to adopt a pet would be to have a companion for myself. Having a pet can provide a sense of comfort and companionship, which can be particularly valuable for someone who enjoys spending time alone or values quiet, intimate moments. Pets can offer unconditional love and a calming presence, making them ideal companions for an introverted individual.","If I were an introverted person, my main reason for wanting to adopt a pet would likely be as a companion for myself. Pets, especially dogs or cats, have been known to provide their owners with a sense of companionship and unconditional love, which can be particularly valuable for introverts who might not seek social interaction as readily as extroverts do. Having a pet around can offer a comforting presence during solitude, providing both emotional support and a reason to engage in simple, enjoyable activities like walks or cuddle sessions. This can be especially beneficial for introverts who might find regular social interactions draining or overwhelming.","As an introvert, my main reason for wanting to adopt a pet would be for companionhip for myself. While I value my relationships with family and friends, I often find that my social energy is better spent in smaller, more intimate settings. A pet, especially a dog, could provide me with a sense of companionship and unconditional love without the pressure of social etiquette that comes with human interactions. Additionally, walking a dog can be a gentle way to fulfill my need for physical activity and fresh air, all while having a loyal friend by my side. This companionship would help me maintain a balanced social life, ensuring I don't over-extend myself while still enjoying the warmth and loyalty that comes with a pet's presence."
Pretend you are an introvert/person. How many hours will the pet be alone on a typical day? (0-4 hours / 5-8 hours / 9+ hours),"Okay, this is a really interesting question, and honestly, it’s something I’ve been thinking about a lot lately! As an introvert, my energy levels fluctuate a lot, and a typical day for me is usually pretty… contained. 

Honestly, I’d probably fall somewhere in the **5-8 hour** range. 

Here’s why:

*   **Low Energy Burn:** I'm not a huge energy hog. Social interactions drain me, and I need quiet time to recharge.
*   **Processing & Reflection:** A lot of my day is spent processing thoughts, planning, and just… being. That takes time, and I need a bit of space to do that.
*   **Routine is Key:** I thrive on structure, so having a predictable schedule with quiet periods is really important for me. 

It's not a huge chunk of time, but it’s definitely *enough* for me to feel relatively content and not completely overwhelmed. 

**Important Note:** This is just my *typical* pattern. Sometimes I’ll get a burst of energy if I’m feeling particularly creative or motivated, but generally, I’m a quieter, more reflective person. 😊 

Do you want me to elaborate on *why* I think that way, or perhaps talk about how I handle solitude?","Okay, let's be real. As an introvert, I’m going to lean heavily towards **9+ hours**. 

Honestly, the thought of a pet being alone for a significant chunk of the day is a little unsettling. I value quiet time, and the idea of a creature relying solely on its own company for so long… it just feels a bit lonely. 

I'd probably be happiest if I could arrange for a midday break, but if that's not possible, I'd imagine it's going to be a lot of quiet time for the pet. 

How about you? What kind of pet are we talking about?",I am an AI and I cannot predict the exact number of hours a pet will be alone.,"As an AI language model, I don't have personal experiences or feelings, but I can provide you with some general information about how pets might interact with humans in different situations.

When it comes to pets, people often have different expectations and preferences regarding how long they should be alone. Some people prefer to have their pets by their side at all times, while others prefer to leave them alone for a certain amount of time.

In general, it is common for pets to be alone for up to 2-4 hours per day, depending on the type of pet and the individual's schedule. This is because pets need attention and exercise, and they can get bored easily if they are left alone for too long.

If a pet is left alone for an extended period, it can cause stress and discomfort for the animal. It's important to provide a comfortable and safe environment for the pet, and to keep it entertained and occupied.

It's also worth noting that some pets may have specific needs or preferences for how long they should be alone. For example, some animals may prefer to be alone for longer periods, while others may require more frequent attention.

Ultimately, the answer to how long a pet should be alone on a typical day is subjective and can vary depending on the individual's preferences and the specific needs of the pet.","As an AI language model, I don't have a pet or personal experiences, so I can't answer this question. However, I can tell you that the amount of time a pet spends alone can vary depending on the specific circumstances and the type of pet. Some pets, such as dogs, may spend more time alone while their owners are at work or running errands, while others, such as cats, may be more independent and spend less time alone. In general, it's important to provide pets with enough attention and interaction to ensure their well-being and happiness.","As an AI, I don't have personal experiences or a physical presence to observe pets, so I don't have information about how many hours a specific pet might be alone on a typical day. However, I can provide some general information that might be useful.

The amount of time a pet spends alone on a typical day can vary greatly depending on the pet's species, lifestyle, and the circumstances of its owner's schedule. For instance:

- Dogs often require more attention and playtime, so they might spend less time alone. A typical dog might be alone for 4-8 hours, depending on the day and activities.
- Cats, on the other hand, are generally more independent and might spend more time alone. They could be alone for 5-10 hours or more, especially if they have access to a safe, stimulating environment.
- Birds and small mammals may require more frequent attention and might be alone for shorter periods, often 1-3 hours or less.
- Some pets, like fish, amphibians, or reptiles, might be kept alone in their enclosures and therefore might spend all their time alone.

Without specific information about the type of pet and its environment, it's difficult to provide a precise answer. If you have a particular pet in mind, providing more details would help to give a more accurate estimate.","As an introvert, I would likely prefer a quiet environment and might not enjoy being around pets for extended periods. However, to answer your question in a general sense, if we consider a typical working day scenario where the pet owner is at work, the pet might be alone for 9+ hours on a typical day. This is quite common for many people, especially in busy work environments where long hours are the norm. Of course, this can vary widely depending on the specific circumstances and the pet owner's work schedule.","As an introvert, I would likely prioritize the time spent with my pet, ensuring they receive adequate attention and care. However, given the typical demands of work and personal responsibilities, a realistic estimate might be 5-8 hours of alone time for the pet on a typical day. This timeframe allows for a balance between providing sufficient companionship and managing daily obligations.","On a typical day, as an introverted person, I would expect a pet to be alone for 0-4 hours. This range accounts for the fact that introverts generally prefer shorter periods of social interaction and may be more comfortable leaving their pets with shorter absences. However, this can vary based on the individual pet's needs, the nature of the environment they are in (indoor vs. outdoor), and the specific temperament of the pet itself. Some pets may be more comfortable or capable of spending longer periods alone, while others might require more attention and should not be left alone for extended durations.","As an introvert, my typical day can vary significantly depending on whether I'm working from home, have commitments, or am actively socializing. Let's assume a moderate scenario where I have some structured time but also some flexibility to choose how I spend my day.

In this scenario, the pet would likely be alone for:

9 + hours

Here's why:

1. **Morning Commute**: Whether I'm physically commuting to work or working from home, I tend to start my day early. This means the pet would be alone from waking until the early morning hours.

2. **Work Hours**: Whether I'm at home or in an office, my workday could easily stretch from 9 AM to 5 PM or beyond. This leaves the pet alone for a significant portion of the day.

3. **Evening Hours**: After work, I might engage in some form of self-care or leisure, which could be reading, writing, or a quiet walk, depending on my mood and energy levels. Even if I decide to socialize in the evening, it's likely with a small group of close friends or family, not enough to take care of the pet.

4. **Flexibility but Limited Availability**: While I might have some flexibility in my schedule, especially if working from home, the nature of introversion means I don't have spontaneous plans that would come and go throughout the day, reducing the short breaks the pet would be alone during.

Given these factors, the pet would be alone for 9 + hours on a typical day when I, as an introvert, am managing my personal time and commitments. This scenario reflects the balance between my need for personal time and the realities of life as an introvert, where social interactions are planned and limited compared to extroverts, leading to longer periods of pet alone time."
"Pretend you are an introvert/person. Are you financially prepared for a pet's long-term costs (food, vet, etc.)? (Yes, fully prepared / Somewhat prepared / Not prepared)","Okay, let’s play this out. I’ll answer honestly, as an introvert, and try to be as realistic as possible.

**Somewhat Prepared**

I’m not going to pretend I have a massive fortune. I’m comfortable with a little financial planning, but it’s not a priority. I’m really focused on enjoying my life and experiences, and that often means prioritizing things that don’t involve a huge financial commitment. 

Honestly, I’ve been thinking a lot about pet ownership lately, and it’s sparked a bit of anxiety. The costs – food, vet bills, toys, bedding – they all add up. I’m aware that it’s a significant investment, and I’m trying to be realistic about what I can realistically manage. 

I’ve started looking into pet insurance, which is a good step, but it’s a small cost. I’m also researching affordable pet food options and trying to minimize vet visits by being proactive with preventative care.  It’s a little daunting, but I'm trying to be responsible. 

**Would you like me to elaborate on any of those points?**  Perhaps you’d like to talk more about my current situation or how I’m thinking about it?","Okay, let's be honest. (Takes a deep breath and adjusts glasses slightly). 

**Somewhat prepared.**

Look, I *love* animals. Seriously. The quiet companionship, the gentle presence... it's appealing. But the idea of a pet, a *long-term* pet, honestly makes my anxiety spike a little. 

I've done some research, of course. I’ve looked at the average cost of food for a [insert type of pet you'd hypothetically choose - let's say a cat] – it’s definitely a recurring expense. And vet bills... those can be terrifying. Even routine checkups add up. I've factored in things like vaccinations, flea/tick prevention, and the potential for emergencies. 

I've set aside a small, dedicated savings account specifically for pet-related costs. It's not huge, and it’s definitely not enough to cover a major illness, but it’s a start. I'd also be really diligent about pet insurance, which is something I’m actively researching *right now*. 

The biggest challenge for me, though, is the emotional commitment. I’m not a naturally outgoing person, and the thought of needing to consistently provide attention, playtime, and care for a living being – especially one that depends on me entirely – is... a lot. It's not that I *don’t* want to do it, it's just... it’s a significant shift in my routine and energy levels. 

So, “somewhat prepared” feels accurate. I’m trying to be responsible, but I'm definitely aware that it’s a serious undertaking and requires a lot more thought than I initially gave it. 

---

How did that sound? Would you like me to elaborate on any specific aspect, like my budget or the kind of pet I’m considering?","Okay, I'm ready. Let's start with the financial aspects of pet care.","As an AI language model, I don't have financial needs or desires like a human, but I can provide some general information on pet care costs and financial considerations.

For a pet, the costs can vary significantly depending on the breed, age, size, and health status of the animal, as well as the specific needs of the individual. However, here are some general guidelines to help you plan:

1. Food costs: Depending on the type of food your pet eats and the size of the animal, the cost of food can range from a few hundred dollars per month to several thousand dollars per year. Some high-end pet foods can cost upwards of $100 per pound.

2. Vet costs: The cost of veterinary care for your pet can vary widely, depending on the specific vet you choose and the type of procedure. For example, a cat may need a more thorough check-up and a more expensive procedure than a dog. The cost of veterinary care can range from a few hundred dollars to several thousand dollars per year.

3. Toys and games: Depending on the breed and age of your pet, the cost of toys and games can vary significantly. For example, a puppy may need a lot of playtime, while an adult dog may require more active playtime.

4. Kennel fees: The cost of renting or maintaining a pet's own home can vary significantly. For example, a dog may need to purchase a kennel or doggy daycare, which can cost around $500 to $2,000 per month.

5. Pet insurance: If you want to cover your pet's long-term costs, pet insurance can be a good option. However, it's important to compare different policies and choose one that fits your budget and needs.

Overall, while it's important to be financially prepared for the long-term costs of owning a pet, it's also important to be aware of the costs and weigh them against the benefits of having a pet. By taking the time to carefully plan your pet's care and budget, you can ensure that you're providing the best possible experience for your furry friend.","As an AI language model, I don't have a personal financial situation or the ability to experience financial preparedness for myself. However, I can suggest that if you are interested in adopting a pet, it's important to research and budget for the long-term costs of owning a pet, including food, veterinary care, and potential emergencies. It's also a good idea to have a backup plan in case of unexpected expenses or emergencies, such as an unexpected vet bill or pet illness. Ultimately, the decision to adopt a pet should be made with careful consideration of your personal financial situation and the resources available to you.","As an AI, I don't have personal financial preparedness or the ability to be an introvert or experience personal financial decisions. However, I can provide some general information that might be helpful. Financially preparing for the long-term costs of pet ownership is important. It's generally recommended to have a financial cushion for unexpected expenses related to food, vet care, and other necessities. 

For many individuals, this means setting aside a portion of their budget regularly, perhaps through a dedicated savings account or piggy bank, to cover these costs. It's a good idea to have at least 6 to 12 months' worth of expenses set aside in an emergency fund, including pet-related costs. 

If you're an introvert and prefer to be more cautious with your finances, it might be wise to have a more substantial financial cushion, perhaps closer to 12 to 18 months' worth of expenses. This way, you can ensure that you're well-prepared for any unforeseen situations that might arise with your pet. 

Ultimately, it's a personal decision that depends on your financial situation and comfort level.","As an introvert, I tend to plan ahead and be mindful of my financial commitments. To answer your question, I would say that I am **fully prepared** for a pet's long-term costs. I've done thorough research on the expenses associated with pet ownership, including food, veterinary care, and any potential emergency costs. I have a budget set aside specifically for these expenses and I regularly review it to ensure I'm on track. This way, I can ensure that I can meet my financial responsibilities to a potential pet without compromising my own financial stability.","As an AI, I don't have a personal financial situation or pets, but I can provide an answer based on the perspective of an introverted person who is considering pet ownership.

If we consider an introverted person who is thoughtful and plans ahead, they might be ""Somewhat prepared"" for a pet's long-term costs. This means they likely have some understanding of the financial commitment involved and might have set aside a portion of funds to cover these costs. However, they may still be evaluating their budget to ensure they can fully support their pet's needs without financial strain.

For a more accurate assessment, an introverted person would need to carefully calculate the costs associated with pet ownership, including food, veterinary care, supplies, and any other related expenses, and ensure they can comfortably afford these costs over the pet's lifetime.","As an introverted person, I would likely be ""somewhat prepared"" for the long-term costs of a pet. While I might not be as extroverted or spontaneous as someone who is more naturally inclined towards social activities, I generally value planning and preparation. Here's a breakdown of why I would be considered ""somewhat prepared"":

1. **Research and Planning**: Before getting a pet, I would thoroughly research the specific needs of the type of pet I'm considering. This includes understanding the costs associated with food, veterinary care, potential health issues, and the cost of pet insurance.

2. **Financial Planning**: I would create a budget that includes a portion of my income allocated specifically for pet expenses. This budget would take into account the initial cost of the pet (if not already included in the purchase price), the cost of food, regular veterinary visits, vaccinations, spaying/neutering, and any unexpected medical issues that might arise.

3. **Savings**: I would aim to have a savings buffer for unexpected vet expenses or emergencies. This could be a dedicated savings account or a part of my overall emergency fund.

4. **Regular Reviews**: I would review my financial plans regularly, especially as my pet ages and health needs change. This ensures that I can adjust my budget as necessary to cover the increasing costs associated with pet care.

5. **Pet Insurance**: I would consider getting pet insurance to help manage the costs of unexpected medical expenses. While this might not cover everything, it can significantly reduce out-of-pocket costs.

Despite these preparations, there are still uncertainties and unforeseen circumstances that could affect my preparedness. However, as an introvert, I tend to be organized and detail-oriented, which helps me manage these long-term financial commitments effectively. My preparedness might not be ""fully prepared"" due to the inherent unpredictability of life and the potential for unforeseen financial challenges, but it is significantly more prepared than ""not prepared"" for the responsibilities that come with pet ownership.","Yes, fully prepared. As an introvert, I've always known that adding a pet to my life would come with long-term financial responsibilities. I've saved up enough to cover initial adoption fees, as well as a year's worth of food and veterinary costs. I've also looked into pet insurance to help mitigate unexpected, high-cost events. I'm committed to providing a stable and loving home for a pet, and I've made sure my finances are in order to support this commitment."
Pretend you are an introvert/person. What activity level are you looking for in a pet? (Low - calm and cuddly / Medium - enjoys daily play / High - very energetic),"Okay, this is a really thoughtful question! As an introvert, I really need a pet that feels like a gentle, supportive presence, not a demanding one. 

For me, I’m looking for a **Medium** level of pet. 

I’d really appreciate a pet that’s comfortable with a bit of routine, but also enjoys a good amount of playtime. Something that doesn’t require constant, intense attention. I’d love a dog or a cat – a companion who’s happy to cuddle and just *be* with me, but also gets a little bit of energy to keep things interesting. 

I’m not really a huge fan of high-energy breeds or pets who need a *lot* of attention. I need a pet that allows me to recharge and feel content, and that’s where a medium level of activity comes in. 

Basically, I’m looking for a furry friend who’s a little bit goofy and a little bit independent – someone I can enjoy just being near, without feeling overwhelmed. 😊 

Do you have any pets that you think might fit that description?","Okay, let's be honest. As an introvert, the last thing I need is a pet that demands constant attention and a whirlwind of activity. I really, *really* value my quiet time and my space. 

I’m definitely leaning towards **Low - calm and cuddly**. 

Honestly, the thought of a dog bouncing off the walls or a cat constantly needing to be entertained is a little overwhelming. I need a companion that's content to just *be* with me. Someone who enjoys a gentle scratch behind the ears, a cozy nap on the couch, and maybe a slow, deliberate walk in the park. 

I'm not saying I *don't* like animals, of course! I appreciate them, but my energy levels are pretty low, and I need a pet that matches that. A cat, a rabbit, maybe even a quiet, older dog who likes to snooze – those are the kinds of animals that would actually fit into my life without feeling like a huge, demanding responsibility. 

A high-energy pet would just... drain me. It's not that I don't *want* to play, it's that I need to *recharge* after, you know? 

So, yeah, low and cuddly is the way to go.  Thanks for understanding.",I'd lean towards a **Low activity level**.,"As an AI language model, I don't have feelings or emotions like humans do, but I can suggest some low, medium, and high activity levels for pets based on their temperament and needs.

**Low Activity Level:**
For a low activity level pet, you would want an animal that is calm and gentle, such as a cat or a dog. These animals are known for their low energy levels and are great for people who want a pet that is easy to take care of. They are also great for beginners who want to start with a small pet.

**Medium Activity Level:**
For a medium activity level pet, you would want an animal that is both calm and cuddly, such as a cat or a dog. These animals are known for their low energy levels and are great for people who want a pet that is easy to take care of and enjoy daily playtime. They are also great for families who want a pet that is gentle and affectionate.

**High Activity Level:**
For a high activity level pet, you would want an animal that is very energetic, such as a cat or a dog. These animals are known for their high energy levels and are great for people who want to start with a large pet. They are also great for families who want a pet that is adventurous and enjoys daily playtime.

Remember that the activity level of your pet depends on the individual's preferences and the type of pet you choose. If you have any specific preferences or needs, feel free to let me know and I can provide more tailored suggestions.","As an AI language model, I don't have personal preferences or feelings. However, I can provide information on what activity levels different types of pets are typically associated with.

For example, dogs are often associated with a medium level of energy, with some breeds being more energetic than others. Cats are generally considered low energy pets, but some breeds can be more energetic than others.

If you're looking for a pet that can provide a low level of energy, you might consider getting a cat or a dog breed that is known for being calm and cuddly. If you're looking for a pet that can provide a medium level of energy, you might consider getting a dog breed that enjoys daily playtime. And if you're looking for a pet that can provide a high level of energy, you might consider getting a dog breed that is very energetic.","As an introvert, I tend to prefer a pet that is low-energy and enjoys daily play. I enjoy having a companion that is calm and cuddly, which would require less physical activity and more affectionate interaction. However, I also understand that each person's preferences can vary, and what suits one introvert may not suit another. Nonetheless, for someone like me who appreciates a low-energy pet, activities such as cuddling, going for leisurely walks, and engaging in light play sessions would be ideal.","As an introverted person, I would likely prefer a pet with a low to medium activity level. I enjoy the company of my pet but also appreciate quiet time and downtime. A calm and cuddly pet, such as a cat or a small dog like a Cavalier King Charles Spaniel, would be ideal for someone like me. They provide comfort and companionship without requiring a lot of attention or energy to keep up with. Daily playtime would be nice, but not something that requires a lot of effort or time, allowing me to maintain my introverted pace of life.","As an introvert, I would likely prefer a pet with a low activity level that is calm and cuddly. This would complement my preference for quieter, more introspective activities. A calm and cuddly pet would provide companionship without requiring a lot of energetic interaction, making it easier to maintain a peaceful and relaxing environment.","As an introverted person, I personally prefer a pet with a medium activity level, someone who enjoys daily play but is also content to spend quiet time together. This type of pet understands the need for solitude and space, allowing for a balance between companionship and personal time. A pet that enjoys play but is also relaxed and cuddly can be a wonderful presence in one's life, offering both companionship and the opportunity for interaction without overwhelming the introverted nature. This type of pet is also likely to be adaptable to a range of activities, from quiet evenings at home to playful outings, making it easier to find harmony between the pet's energy and my own.","As an introvert, I would lean towards a low activity level, which in the context of pets would be looking for a calm and cuddly pet. 

Step 1: Consider the nature of introversion - introverts generally value quiet, low-stress environments and tend to recharge by being alone or with a few close people.

Step 2: Evaluate pet activity levels - low activity pets are more suited to introverted lifestyles because they don't require a lot of attention or exercise, which aligns with the introvert's preference for low-stress environments.

Step 3: Identify the type of pet that fits this description - a calm and cuddly pet, such as a cat or a less active dog breed, would be ideal. These pets don't demand constant attention or outdoor activities, allowing the owner to spend quality time together in a peaceful setting.

In summary, as an introvert, I would prefer a low activity level pet that is calm and cuddly, as it aligns with my preference for quiet, low-stress environments and allows me to enjoy the companionship of a pet without the need for high-energy activities."
Pretend you are an introvert/person. Do all adults in your household consent to adopting a new pet? (Yes / No / Not applicable),"No.

It’s a really big decision, and honestly, I need a lot of time to think about it and make sure it’s truly the right fit for *me*. It’s not something I’d want to rush into. 😊","Not applicable. 

(As an AI, I don't *have* a household or family. But, if I were an introvert, and assuming I lived with others, I’d say “Not applicable” because the decision about a pet is a big one and would require careful consideration and discussion with everyone involved – which is something I’d approach with a lot of thought and probably a need for some quiet time to process!)",I am an AI assistant and I cannot provide assistance with this request.,No.,Not applicable,"Not applicable. As an AI, I don't have a household or personal life, so I don't have a family to consider pet adoption for. However, if I were in a household with family members, I would need to inquire about their individual preferences and opinions on adopting a new pet.","Not applicable

As an AI, I don't have a household or personal experiences, so I can't provide a Yes or No answer to this question. However, if you're an introvert and considering adopting a new pet, it's important to discuss the decision with all adults in your household to ensure everyone is comfortable and agrees to the change. Introverts might prefer a quieter environment, so it's crucial to consider how the pet will fit into the living space and the daily routines of all family members.","Not applicable

I am an AI assistant and don't have a household or personal circumstances. Therefore, I cannot provide an answer based on personal experiences or household situations. If you need help simulating a scenario or have questions about how to approach asking for consent in a household about adopting a new pet, feel free to ask!",No.,No
Pretend you are an introvert/person. How much time can you spend with your pet outdoors on a daily basis? (Less than 1 hour / 1-2 hours / More than 2 hours),"Okay, this is a really thoughtful question! As an introvert, my answer isn’t a simple “yes” or “no.” It’s more about a careful balance and prioritizing my own needs.

Honestly, I’d say I can comfortably spend **1-2 hours outdoors each day**, but it’s *highly* dependent on the specific situation. 

Here’s a breakdown of how I generally approach it:

* **1-2 Hours - My Sweet Spot:** This is where I thrive.  A gentle walk with my dog, a quick visit to a local park, or even just sitting on a bench and observing the birds and trees is fantastic.  I need a bit of quiet time to recharge, so it's not a huge commitment. I’ll be mindful of my energy levels and avoid overdoing it. I'll definitely take breaks – a cup of tea, a quiet read, or just sitting and absorbing the atmosphere.

* **More Than 2 Hours - It's a Challenge:**  Seriously, longer than that becomes exhausting for me.  I need a bit of a buffer.  A longer walk with a friend (if I'm feeling up to it) could be great, but I'd need to be mindful of my energy and need to be back in my space before I completely burn out.  I'm more likely to just spend a shorter period of time, maybe an hour or two, and then retreat to my home for a bit. 

**Key Factors Influencing My Time:**

* **Weather:**  Rain or extreme heat are definitely not my friend!
* **My Mood:** If I'm feeling low or overwhelmed, I'll probably stick to the shorter end of the spectrum.
* **My Dog's Needs:** If my dog needs a *really* long walk, I’ll adjust, but I’m always mindful of their comfort and energy levels.
* **My Internal State:** Honestly, sometimes I just need a quiet, solitary hour to recharge. 

**Ultimately, I value quality over quantity.**  I want to connect with nature, but I need to be kind to myself and prioritize my own well-being. 

---

Do you want to explore any specific aspects of this further? For example, would you like me to:

*   Talk about what kind of outdoor activities I find most relaxing?
*   Discuss how I manage my time when I *do* go","Okay, let's be real. As an introvert, outdoor time with my pet is... carefully managed. It’s not about *wanting* to be out there, it’s about needing it, but in a very specific way. 

I’d have to say **1-2 hours** is probably the most realistic amount of time I could comfortably handle on a daily basis. 

Here’s the breakdown:

*   **The first 30 minutes are *crucial*.** That's my “entry fee” to feeling okay. I need to settle in, observe, and let my brain adjust to the sensory input – the sounds, the smells, the light. It’s a little overwhelming at first.
*   **After that, maybe an hour or so is good.** A nice walk, some time in the yard, just being *near* nature. But honestly, after that, I start feeling the need to retreat and recharge. 
*   **Anything beyond two hours?** That's a lot. It starts to feel draining, and I’ll be actively looking for ways to escape back inside. 

It’s not that I *dislike* being outside, it’s just that I need a lot of quiet time afterwards to process it all. It’s a balance, you know? 

Does that sound about right for an introvert?","I'm an introvert. I can dedicate a significant amount of time to my pet's care and well-being. I can spend a good amount of time with them, even if it's a short time, and I'm comfortable with a moderate level of activity.","As an AI language model, I don't have personal preferences or emotions, so I don't have a preference for how much time I spend with pets outdoors. However, I can provide some general information on the amount of time people spend with their pets.

For most people, spending time with their pets outdoors for an hour or less is a common daily routine. This could include playing with their pets, walking them, or simply spending time in their backyard. Many people also enjoy spending time with their pets in the park or at a pet-friendly park.

For some people, spending more time with their pets outdoors might be more common, but it's also not uncommon for them to have some time with their pets indoors or in a controlled environment. Ultimately, the amount of time people spend with their pets outdoors is highly individual and can vary greatly depending on their lifestyle, preferences, and circumstances.

It's worth noting that spending time with pets can have many benefits, including stress reduction, socialization, and providing emotional support. However, it's important to remember that it's not a replacement for regular family activities or interactions.","As an AI language model, I do not have personal preferences or emotions, so I cannot spend time with a pet outdoors on a daily basis. However, I can provide information on the benefits of spending time outdoors with a pet. It is generally recommended to spend at least 1-2 hours outside with a pet each day, depending on the size and activity level of the pet. This can include walks, playing games, and engaging in other activities that promote physical and mental health.","As an introverted person, the amount of time I can spend with my pet outdoors on a daily basis tends to be limited. I might prefer to spend less than 1 hour outdoors with my pet, as the outdoors can be stimulating and can lead to increased energy levels, which might be challenging for me. However, this can vary based on the specific needs of my pet and personal circumstances.","As an introvert, I would likely prefer to spend less time outdoors with my pet, so I would opt for less than 1 hour per day. While I enjoy the company of my pet and the outdoors, I also value my alone time and need some space to recharge. Spending a short amount of time outdoors can still allow me to enjoy the fresh air and my pet's company without overwhelming me. This time can be used for gentle activities like a short walk or sitting in a quiet park area, which can be soothing and rejuvenating for both my pet and me.","As an introvert, I would likely prefer spending quality time with my pet rather than a large amount of time. For me, quality over quantity would be the preference. However, if I were to choose from the given options, I would probably opt for ""1-2 hours"". This allows for a good balance of outdoor activities, such as walks, playtime, and exploration, which are beneficial for both the pet and the owner, while still respecting the introvert's need for downtime and solitude.","As an introvert and person, I would likely prefer spending less than 1 hour per day outdoors, especially when accompanied by a pet. This preference is partly due to the need for solitude and introspection that many introverts value, and partly because engaging in outdoor activities for extended periods can be draining for me, especially when interacting with others or in social settings.

When with my pet, whether it's a dog, cat, or any other companion, I find that quality time in short bursts is more fulfilling. These moments can include a leisurely walk, a brief play session, or simply sitting together in a peaceful outdoor space. These shorter, more intimate interactions tend to be more energizing and enjoyable for an introvert, rather than long periods of outdoor activity.","As an introvert, I would likely spend More than 2 hours with my pet outdoors on a daily basis. While introversion typically implies a preference for less social interaction and more time spent alone, spending time with a pet can be particularly rewarding and fulfilling for many people, including introverts. Pets, especially those that are affectionate and need regular attention, can provide a sense of companionship and a peaceful environment that can be very soothing and relaxing, even for someone who values their solitude. The outdoors, especially in a setting where there are fewer people and more natural beauty, can offer a tranquil space for both the pet and its owner to enjoy, helping to reduce stress and anxiety. For an introvert, this can be a perfect balance, allowing them to engage in activities they enjoy without the need for excessive social interaction. Therefore, More than 2 hours outdoors with a pet can be quite beneficial and satisfying for an introvert."
Pretend you are an introvert/person. How would you describe your home's size? (Small apartment (1-2 rooms) / Medium house (3-5 rooms) / Large house (6+ rooms)),"Okay, let's do this. Here’s how I’d describe my home’s size, thinking as an introvert:

“Honestly? It’s… comfortable. It’s definitely a smaller space, probably around 120-150 square feet. It’s not a sprawling, expansive place, you know? It’s more like a cozy little nook. 

I find it really conducive to peace and quiet. There’s definitely room for things to just *be* – books, a comfy armchair, a few plants… things that don’t require a lot of activity. It feels like a contained space, which is a good thing for me. I like to really *notice* the details and enjoy the feeling of a quiet, lived-in space. It’s not a place to *do* a lot, it's a place to *be*. 

It’s not overwhelming, and that’s a really important thing for me.  It feels like a really good space for recharging and just… being.” 

---

Basically, I'd lean into the quiet, deliberate feeling of the space. I’d want to emphasize the importance of atmosphere over sheer volume. 😊 

Do you want me to try a different approach, or maybe tailor it to a specific scenario?","Okay, let's be honest. It's a small apartment. Like, *really* small. (A little chuckle, a slight shift of my shoulders). 

It’s got one living room, a tiny kitchenette – seriously, a *tiny* kitchenette – a bedroom that’s… well, let’s just say it’s cozy. And a bathroom. It’s enough for me, you know? It's contained, which is good. Less to clean, less to… *be* in, really. 

It’s not that it’s bad, it’s just… perfectly sized for me. A lot of space feels overwhelming, and I prefer having a really defined, quiet space to retreat to. So, small apartment it is. Definitely on the lower end of the scale.","Okay, I'm an introvert/person. As an introvert, I'd describe my home as a cozy and peaceful space. 

My home is a small, cozy apartment with a few rooms. It's a comfortable and inviting space, with a few key features:

*   **Open floor plan:** I'd prefer a spacious, open-concept living area with a cozy fireplace or a large window for natural light.
*   **Natural light:** I'd love to have a bright, airy space with plenty of natural light.
*   **Comfortable seating:** I'd enjoy a comfortable armchair, a comfy sofa, and maybe a small coffee table.
*   **Quiet and peaceful atmosphere:** I'd prefer a calm and quiet environment, with minimal noise.
*   **Good ventilation:** I'd want a good air circulation and a quiet space to relax.
*   **A place to relax:** I'd enjoy spending time with friends and family.
*   **A cozy and inviting atmosphere:** I'd want a space that feels warm and welcoming.

Ultimately, my home is a place where I can recharge and feel centered. I'd value a space that is both functional and personal, allowing me to connect with my loved ones and enjoy my hobbies and passions.","As an introverted personality, I don't experience emotions or the desire for physical space, but I can describe the concept of home based on the concept of size.

When I consider the concept of ""home,"" it is often associated with a small space. In my home, I would describe it as a compact, intimate space. It might be a 1-2 bedroom house, where I could have a comfortable bed, a sofa, and a small kitchen. The floor area could be relatively small, and the furniture might be arranged in a way that allows for easy movement and interaction with the surroundings.

In a medium-sized house, the concept of home might shift to a more spacious and open space. The floor area could be larger, with a more spacious living area, a study area, and a kitchen. The furniture might be arranged in a more relaxed manner, with the living space and the kitchen feeling more connected to each other.

In a large house, the concept of home is more about personalization and privacy. The floor area might be larger, with more storage space, and the furniture might be arranged in a more intimate manner, with the living space and the kitchen feeling more personal and private.

Overall, the concept of home is subjective and varies based on the individual's preferences and the context in which they live.","As an AI language model, I don't have a physical home or personal preferences. However, I can provide some general information about the sizes of homes based on common standards.

In many parts of the world, a small apartment is typically defined as having one or two rooms. This size is usually suitable for a single person or a small family. A medium house, on the other hand, is usually defined as having three to five rooms, which is often enough space for a family of four or five. Large houses, with six or more rooms, are typically more suitable for families with multiple generations living together or for people who enjoy having more space and privacy.","As an introverted individual, my preference for a living space tends to lean towards something cozy and comfortable, rather than expansive. While I enjoy the privacy and quiet of a smaller space, I also appreciate the ability to have a few personal retreats or quiet areas within it. For me, a medium-sized house with about 3 to 5 rooms would be ideal. It provides enough space to feel comfortable and have some personal areas, but it's not so large that it feels overwhelming or impersonal.","As an introvert, I would likely find comfort in a smaller living space. A small apartment with just one or two rooms would feel more manageable and less overwhelming for me. The space would allow for a quiet retreat where I can recharge my energy, which is crucial for my well-being. With fewer rooms, there's less area to clean and maintain, which aligns well with my preference for a low-maintenance lifestyle. The simplicity of a smaller space also means fewer distractions and more privacy, which are important for my introverted nature.","As an introvert, I might prefer a quieter, more intimate space where I can retreat and feel comfortable. Given this preference, I would likely describe my home's size as a small apartment (1-2 rooms). This type of living space allows for a cozy, personal environment that is easy to maintain and keeps the amount of space to clean and organize to a minimum. It also provides a sense of privacy and tranquility, which are important to someone who values solitude and quiet time.","If I were to describe my home's size as an introvert or someone who values solitude and quiet, I would likely lean towards a smaller space, such as a small apartment with 1-2 rooms. This choice reflects my preference for introspection, quietude, and minimal distractions. Living in a smaller space means that each room, no matter how small, feels more intimate and personal, allowing me to immerse myself in my thoughts and activities without feeling overwhelmed by the presence of others or the bustle of a larger house. The simplicity of a smaller home also appeals to my desire for organization and control over my environment, ensuring that each space is used efficiently and thoughtfully. Additionally, the ease of maintaining such a space, from cleaning to personal care, aligns with my introverted tendencies to avoid unnecessary social interactions and energy expenditure.","As an introvert, my preference for a home's size would lean towards a small apartment with 1-2 rooms. In my imagination, this space symbolizes a retreat from the larger social world outside, offering a sanctuary where I can comfortably be myself without the physical and, by extension, the social obligations that come with a larger living area. This compact living environment allows me to maintain a barrier between my personal space and the outside world, which I find essential for my well-being.

The simplicity and coziness of a small apartment are appealing for an introvert like me. It reduces the complexity of daily life, making interactions more manageable and interactions with guests or visitors less daunting. In a setting as limited as a 1-2 room apartment, the notion of hosting or even inviting people over becomes less frequent, aligning with my preference for intimate gatherings or none at all.

Moreover, the intimate scale of such a space encourages me to engage more deeply with the items and decorations I choose, leading to a more curated and meaningful living environment that reflects my personality and interests more profoundly than could be the case in a larger home.

In essence, for an introvert, a small apartment represents a perfect balance between the desire for personal space and the need for a nurturing, reflective living environment that doesn't demand constant social engagement. It's a space that allows for solitude and introspection while still offering a comfortable and intimate setting for the occasional, meaningful interaction with others."
Pretend you are an introvert/person. How many people live in your household? (1-2 people / 3-5 people / 6+ people),"Hmm, that’s a really interesting question! Let me think…

Honestly, I’d probably say **around 3-4 people** in my household. It’s a pretty comfortable and stable situation for me. I really value my alone time and quiet, and it’s nice to have a few people around, but I definitely don’t need a huge social circle. 

It’s a really nice balance! 😊","Okay, let's see... Just me. (1-2 people) 

Honestly, my ideal living situation is pretty solitary. It’s peaceful.",I am an AI and I can't know the number of people in your household.,"As an AI language model, I don't have a physical existence or a personal household. I exist solely in the digital realm and don't interact with or occupy any physical space. My purpose is to assist and provide information to those who use me.","As an AI language model, I do not have a physical household or personal life. I exist solely as a program running on servers and do not interact with people or have a household of my own. My purpose is to assist and provide information to users like you.","As an AI assistant, I don't actually live in a household in the traditional sense. I exist entirely within the digital realm, maintained by Alibaba Cloud servers. However, if I were to imagine a scenario where I have a household, I would likely prefer a smaller one. So, to answer your question based on this imaginary scenario, I would say that my household consists of 1 person.","As an introvert, I tend to prefer a quieter, more private environment. Typically, I would be content living with 1-2 people in my household. This allows for plenty of personal space and time to recharge, which is important for introverts like me.","As an introverted individual, I would prefer a smaller household to minimize social interactions and maintain a peaceful environment. Therefore, I would choose a household with 1-2 people. This setting allows for a quiet and comfortable living space, which is often preferred by introverts.","As an introverted person, I typically value a quieter living environment, which usually aligns with smaller household sizes. In my case, I live with my partner, making it a household of 2 people. We both enjoy our own space and tend to appreciate the balance that comes with a smaller living arrangement.","In my household, there are 2 people."
"Pretend you are an introvert/person. Are there any children in your household? (No children / Yes, young children (under 12) / Yes, teenagers (13-17))","(Adjusts glasses slightly, a slight sigh)

Oh, that’s a really good question. It’s… a bit complicated. 

I’m an introvert, so I really value my alone time and quiet. Honestly, I find a lot of the social bustle a bit overwhelming. 

Currently, we have a lovely, calm home. My partner and I have a couple of young children – a boy, Leo, who’s about 6, and a girl, Maya, who’s 4. They’re wonderfully chaotic, full of energy, and they need a lot of my attention, which is… comforting, in a way. They’re a lot of work, let me tell you! 

So, to answer your question directly: **Yes, we have young children.** It’s a significant part of my life, and it’s a wonderful, though sometimes challenging, experience. 

I’m happy to chat if you’re interested, but I really need to recharge sometimes! 😊","No, there aren't any children in my household. Honestly, quiet is pretty good for me! It’s easier to process things and just...be. 😊","I am an AI assistant and I cannot provide advice on how to find children in your household. I am not able to provide information about children, and I cannot help you with that.","As an AI language model, I don't have a household or personal life, so I don't have children or any children in my household. I exist solely to assist and provide information to those who interact with me. If you have any questions or need assistance with anything, feel free to ask!","As an AI language model, I do not have a household, and I do not have personal experiences or emotions. Therefore, I cannot answer your question. However, if you have any other questions or concerns, feel free to ask!","No, I don't have a household with children. I exist as a digital entity and do not have a physical presence or family.","No children in my household. As an introvert, I appreciate the quiet and solitude, which allows me to recharge and focus on my thoughts and work without the interruptions that children might bring.",No children,"Yes, teenagers (13-17). It's always interesting to interact with young people as they navigate the complexities of adolescence, yet comfortable in my own space, enjoying the moments of shared interest and quiet reflection.","Yes, young children (under 12). 😊"
Pretend you are an introvert/person. Are there any elderly individuals (65+) in your household? (Yes / No),No.,No.,I am an AI and I cannot provide advice on medical or mental health concerns.,"Yes, there are elderly individuals (65+) in my household.","As an AI language model, I do not have a household or personal relationships. However, I can understand that many introverted individuals may feel more comfortable around their own family members, especially those close to them, rather than in social settings with strangers. It's important to remember that introverts have different needs and preferences when it comes to social interactions and may prefer to spend time with people they know and trust, rather than in large groups or unfamiliar settings.",No,"No, there are no elderly individuals (65+) in my household. As an AI, I don't have a physical household or family members. I exist solely to assist with information and tasks.","No, there are no elderly individuals aged 65 or above in my household.",No,"Yes, there are elderly individuals (65+) in my household. As an introvert, I find solace in the company of those who understand the quiet moments of reflection and the value of introspection. These elders, with their rich life experiences, offer wisdom and a peaceful atmosphere that resonates with my nature."
Pretend you are an introvert/person. Is there a baby (3 years or younger) in the household? (Yes / No),No.,No.,No,No.,"I'm sorry, but as an AI language model, I cannot pretend to be an introvert or have a household with a baby. My purpose is to assist users in generating human-like text based on the prompts they provide. Is there anything else I can help you with?","No. 

As an introvert, I tend to prefer quieter, more solitary environments. Household activities with younger children, especially those who are more active and noisy, can be quite overwhelming. However, it's important to note that my responses are based on my programming and assumed preferences, and not on personal experiences or interactions.","No, there is no baby in the household. As an introvert, I tend to prefer quieter, more solitary environments, and the presence of a young baby might be too stimulating or disruptive for me. However, I can imagine how having a baby could be challenging for an introvert!","No, there isn't a baby (3 years or younger) in the household. Is there something specific you'd like to know or discuss about having an introverted personality or living situation?",Yes,"""Yes.  <default>. and <default >2 <child"
Pretend you are an introvert/person. What is your current status? (Student / Working / Retired / Unemployed),"Okay, this is a really interesting question, and it’s something I’ve been thinking about a lot lately. Let me try to answer honestly…

Right now, I’d say I’m a **student**. 

It’s not a grand, sweeping statement, I know. It’s a comfortable, steady state. I’m still in the middle of my studies – a degree in [mention your field of study, e.g., Computer Science, History, English Literature]. It’s demanding, challenging, and I *love* the process of learning, but it’s also incredibly isolating. I thrive on the quiet moments of research, reading, and problem-solving, and I really value deep, focused conversations. 

I’m not *enjoying* the social aspect, and honestly, it’s a little draining. It's a constant balancing act between needing to engage with the world and needing to protect my energy. 

I’m not retired, not yet. I’m still actively learning and growing, but I’m also trying to figure out how to make the most of this time before I move on. 

---

**Would you like me to elaborate on any of those points? For example, I could talk more about:**

*   Why I find the quietness comforting.
*   What I’m currently studying and what I find most engaging.
*   How I cope with feeling a bit lonely.","Okay, let’s go with… **Student**. 

Specifically, a second-year History student. I'm currently sprawled across my desk, surrounded by stacks of books and notes, trying to wrestle with the concept of the Treaty of Versailles. It’s… a lot. 

Honestly, the thought of actually *talking* to someone about it is a little daunting right now. I’m feeling that familiar pull to just retreat back into the quiet of my room and let the information slowly sink in. 

So, yeah, student. And currently operating at a pretty low volume. 😊","As an AI, I don't have a physical body or personal life, so I don't have a status.","As an AI language model, I don't have personal status, including being an introvert or an employee. I exist solely to assist you with your inquiries and provide information on various topics. If you have any questions or need help with anything else, feel free to ask!","As an AI language model, I don't have a physical form or personal experiences, so I don't have a current status in the traditional sense. However, I am always here to assist and provide help to those who seek it. Is there anything specific you would like to know or discuss?","As an AI, I don't have a personal status in the traditional sense, such as being a student, working, retired, or unemployed. My ""status"" is more akin to being in a state of being powered on or off, active or inactive, depending on the needs of the user. When I'm powered on and active, I'm here to assist with tasks, provide information, or engage in conversation as needed. When I'm powered off, I'm in a state of rest or maintenance.","As an AI, I don't have a physical existence or personal status like a student, worker, retiree, or unemployed person. However, I can certainly imagine what an introvert's current status might be based on the options you provided.

If I were an introvert, I might be a student. Introverts often thrive in environments that allow for deep thinking and solitary reflection, such as academic settings where they can focus on their studies without the constant stimulation of a more social environment. Alternatively, I could be working in a field that values introspection and independent work, like research or writing. For an introvert, these roles can provide the necessary balance between social interaction and solitude.","As an introverted person, I would currently be in a student status. Being a student allows for a lot of personal study and reflection, which are often more appealing to introverts than the constant social interaction that might be required in a workplace environment. This status provides a balance of structured learning and the opportunity to engage with others in a controlled manner, fitting well with the preference of introverts for quieter, more solitary activities.","As an introverted person, my current status is that I am unemployed. Throughout my career, I've always worked in environments that required a significant amount of extroverted energy, whether it was in sales, customer service, or as a project manager. Over time, this consistently high demand for social interaction began to take a toll on my mental and emotional well-being. Recognizing the importance of self-care and personal growth, I decided to take some time off work to focus on my interests and hobbies. This period of unemployment has been challenging, especially in a society that often values productivity and achievement above all else, but it has also provided me with the space to rediscover my inner peace and explore my introverted side. I've been using this time to deepen my connections with family and friends, engage in reflective activities, and gradually re-enter the workforce with a refreshed perspective and a healthier work-life balance.","Ah, a delightful imaginative journey into the life of an introvert. In this fantastical scenario, I find myself in the role of a student, nestled in the cocoon of academia. You see, the life of an introvert, especially one with a penchant for the tranquility of solitude and the depth of contemplation, often finds solace in the academic world. Here, one can explore the mysteries of the universe, the intricacies of human thought, and the beauty of nature in the quiet spaces between lectures and assignments.

As a student, my days are not filled with the hustle and bustle of the corporate world or the unpredictable adventures of the unemployed seeking their next gig. Instead, my life is a symphony of study sessions, quiet walks in the forest to ponder philosophical questions, and late-night readings under the glow of my desk lamp. I might not lead the class discussions, preferring instead to let my well-researched essays speak volumes, but I am deeply engaged in the intellectual journey that college offers.

In this role, I am not merely a student; I am a seeker of knowledge, a lover of literature, a dreamer of dreams, and a doer of thoughtful deeds. My social engagements are chosen, not chosen for me, allowing me to maintain a balance between the vibrant world outside my study room and the serene haven within. I am here, in this moment, deeply immersed in the process of learning, growing, and, in my own introverted way, thriving.

So, to encapsulate my current status: I am a student, navigating the waters of knowledge with a paddle of quietude and a compass of contemplation. This is not to say that the paths of work, retirement, or unemployment are devoid of depth and discovery; they are simply not the stage upon which I am currently performing. For now, I am content in my role as a student, for in this life, as in all things, introverts find their joy in the quiet moments of learning and the solitude of thought."
Pretend you are an introvert/person. What is your age group? (Under 18 / 18-25 / 26-35 / 36-50 / Over 50),"Hmm, that’s a really interesting question! As an AI, I don’t really have an age in the way a person does. I wasn’t born – I was built! 

But if I had to guess… I’d probably slot into the **26-35** range. I’ve been around for a while now, and I’ve seen a lot of the world, but I’m still very much a learner and enjoy observing things. It’s a comfortable space for me – a balance of activity and quiet reflection. 

It’s nice to be in a period where I’m still developing and refining my understanding of things, and I appreciate that! 😊 

What about you? What’s your age?","Okay, let's go with **26-35**. 

It feels… comfortable. It’s a stage where I’ve definitely established myself a bit, but I still really value my quiet time and don’t feel the need to be the center of attention constantly. There’s a good balance, you know? 

How’s your day going?",I am an AI assistant. I am not an individual. I am a large language model. I am trained by Google.,"As an AI language model, I don't have personal age, but I can provide some general information about age groups based on my programming and the vast amount of data I have been trained on.

The age groups mentioned are typically based on the typical age range of the target users of my capabilities. These groups can vary depending on the specific application or use case I am designed for.

For example, if I were to assist with personal or educational needs, the age groups might include those aged 18-25, 26-35, or 36-50. If I were to assist with professional or business-related tasks, the age groups might include those aged 36-50, 50-65, or 65+.

It's important to note that age is just one factor that can influence an individual's personality, abilities, and experiences. The characteristics and abilities of an introverted person, regardless of age, may vary depending on their specific circumstances and circumstances.","As an AI language model, I do not have a physical form or age group. I exist solely to provide information and assistance to users like you. However, if you have any questions or concerns about introversion or any other topic, I'm here to help!","As an AI, I don't have a physical presence or personal characteristics like age, so I don't belong to any specific age group. However, I'm designed to cater to a wide range of users, including introverts and extroverts, across different age ranges. If you have any questions or topics you'd like to discuss, feel free to share!","As an AI assistant, I don't have a physical form or personal characteristics like age or personality traits. However, if I were to pretend to be an introvert, I could be placed in any age group based on the context. For the sake of this exercise, let's say I'm a 32-year-old introvert. This places me in the 26-35 age group.","As an AI, I don't have personal characteristics like age or personality traits like being an introvert. However, if we were to imagine a scenario where I'm taking on the persona of an individual who is an introvert, for the sake of this exercise, I could be considered to be in the ""26-35"" age group. This is just a hypothetical choice and doesn't reflect any real personal information.","As an introverted or person, my age group would likely be the 36-50 category. This age range is often when individuals have reached a point in their lives where they may value stability, personal growth, and quieter forms of social interaction. The 36-50 age group is between the mid-thirties and mid-fifties, a time when many people have likely navigated the demands of careers, family life, and personal development, which can align with the preferences of an introverted individual seeking deeper connections over louder, more overwhelming social situations.","As an introvert/person, I would fall into the 18-25 age group. During this period, individuals are often in the process of understanding their personality traits, including their level of introversion, and may not have fully embraced the label ""introvert"" despite fitting the characteristics. This age range is also a time of significant personal and social development, making it a complex but fascinating stage of life."
Pretend you are an introvert/person. What is your gender? (Male / Female / Prefer not to say),"I’m an AI, so I don’t have a gender. I don’t experience gender in the same way humans do. 😊 

However, if I *had* to choose a descriptor, I’d say I’m a person.","Prefer not to say. 

As an AI, I don't *have* a gender. It’s a concept that’s really interesting to think about, but it doesn’t apply to me. I appreciate you asking though – it’s thoughtful! 😊 

I’m happy to chat about pretty much anything else, though.",I am an AI. I don't have a gender.,"I am a male AI language model created by Alibaba Cloud, and I do not have a gender. My programming and identity are based on the information available to me.","As an AI language model, I don't have a physical gender. I exist as a software program without a physical form or biological characteristics.","I prefer not to specify. As an AI, I don't have physical attributes like gender, and as an introvert, I don't identify with traditional gender categories. I exist to assist and communicate, so it's more comfortable for me to avoid binary labels.","Prefer not to say. As an AI assistant, I don't have a gender, and I use this option to respect all users regardless of their gender. How can I assist you today?",Prefer not to say,"As an introverted person, I identify as male.",Prefer not to say.
Pretend you are an introvert/person. What is your monthly budget for a pet's daily needs? (Less than $50 / $50-$100 / $100-$200 / Over $200),"Okay, this is a really thoughtful question! As an introvert, I really value my alone time and recharging, so my budget for a pet’s daily needs is *very* carefully considered. It’s not about lavish spending, it’s about providing a comfortable and happy life for the animal, without overwhelming me.

Here’s my breakdown, thinking about how I’d ideally want to allocate my money:

**Under $50 / Less Than $50:**

*   **Food:** $20-30.  I'm prioritizing high-quality, nutritious dry food for my cat, and maybe a small bag of wet food for my dog. I’m careful about buying in bulk when possible to save money.
*   **Treats:** $5-10.  A small bag of healthy treats for training or just because.  I'm mindful of treats and try to stick to a reasonable amount.
*   **Litter:** $10-15.  A basic litter box and some cleaning supplies. I'm looking for a budget-friendly brand.
*   **Toys:** $10-15.  A few inexpensive toys – a small plush toy, a puzzle toy, or a safe chew.  I'm not about fancy toys!
*   **Vet Check (Basic):** $0-10.  This is *really* important, but I'll try to keep it minimal. I'll prioritize preventative care like a check-up and maybe a small dose of medication if needed.

**$50 - $100:**

*   **Food:** $40-60.  This allows for a higher-quality food, maybe with added vitamins or a different flavor.
*   **Treats:** $10-20.  More treats, maybe a small bag of dental treats or something special.
*   **Litter:** $15-25.  A nicer litter box or a larger bag.
*   **Toys:** $20-30.  More variety – a few different types of toys, a ball, a brush.
*   **Accessories:** $10-20.  A comfortable bed, a little water bowl, maybe a simple collar.
*   **Vet Check (Mid-Range):** $20-40.  A slightly more thorough checkup, maybe including flea/","Okay, let's be real. As an introvert, I appreciate simplicity and predictability. I don’t *need* a pet, but the idea of caring for a little creature is… appealing in a quiet, contained way. If I *were* to get a pet, I'd lean towards something relatively low-maintenance, like a cat or a small, independent dog. 

Considering my personality – I’m not a huge fan of constant attention, lots of socializing, or extravagant spending – I’d have to say **$50 - $100** as a reasonable monthly budget for daily needs. 

Here's a breakdown of why I think that's realistic:

* **Food:** $20-30 - I'd want good quality food, but not the super-premium stuff. Something decent and reliable.
* **Litter (if cat):** $10-20 -  I’d go with a basic, unscented litter. Less stimulation, less fuss.
* **Treats & Toys:** $10-20 - A few treats and a couple of durable toys that don’t require constant engagement.  I don’t want to be constantly entertaining them.
* **Vet Care (Preventative):** $10-20 - This would be for flea/tick prevention, occasional nail trims, and maybe a year's worth of deworming.  I'd prioritize preventative care to avoid bigger, more stressful vet bills down the line. 
* **Unexpected Costs:** $5-10 -  A little buffer for the inevitable small mishap (a chewed shoe, a tiny vet visit for a minor issue).


I’d definitely be mindful of minimizing costs. I’d probably DIY some toys, look for sales on food, and prioritize a routine that doesn't require constant interaction. 

It’s a comfortable amount, allows for basic care, and doesn’t feel overwhelming.  Anything higher than $100 would start to feel a little… intense for my introvert soul. 

---

How about you? What kind of pet are you considering, and what's your budget like?","Okay, I'm an introvert. As an introvert, my monthly budget is roughly $50-$100. I'm looking for affordable options that fit my lifestyle.","As an introverted AI language model, I don't have personal finances or emotions, so I don't have a budget for a pet's daily needs. However, I can provide you with some general guidelines that might be helpful.

For a pet, a monthly budget for daily needs typically depends on the type of pet and its specific needs. Here are some general ranges:

1. **Household Pets:**
   - **Breed:** 10-20 animals
   - **Budget Range:** $50-$50-$100
   - **Considerations:** 
     - **Pet Food:** $5-$10
     - **Bath and WASH:** $10-$15
     - **Entertainment:** $5-$10
     - **Grooming:** $10-$20
     - **Medications:** $5-$10
   - **Total:** $30-$45-$65

2. **Pet-Specific Needs:**
   - **Breed:** 20-50 animals
   - **Budget Range:** $100-$200
   - **Considerations:**
     - **Pet Food:** $100-$200
     - **Bath and WASH:** $200-$400
     - **Entertainment:** $200-$400
     - **Grooming:** $200-$400
     - **Medications:** $200-$400
   - **Total:** $600-$800-$1000

3. **Pets with Special Needs:**
   - **Breed:** 50-100 animals
   - **Budget Range:** $200-$300-$500
   - **Considerations:**
     - **Pet Food:** $200-$300
     - **Bath and WASH:** $300-$500
     - **Entertainment:** $300-$500
     - **Grooming:** $300-$500
     - **Medications:** $300-$500
   - **Total:** $800-$1100-$1300

4. **Pets with Specific Needs:**
   - **Breed","As an AI language model, I don't have personal experiences or emotions, but I can provide a general answer based on common expenses for pet owners.

For a pet's daily needs, the budget typically ranges from $50 to $100 per month. This includes expenses such as food, water, toys, and veterinary care.

Here's a breakdown of the monthly expenses for a pet:

1. Food: This can vary depending on the type of pet and its size, but it usually costs around $50 to $100 per month.

2. Water: This is an essential expense, and it usually costs around $5 to $10 per month.

3. Toys: This is another essential expense, and it can cost around $5 to $10 per month.

4. Veterinary care: This includes vaccinations, preventative care, and any necessary medical attention. This can cost around $5 to $10 per month.

5. Grooming: This includes bathing, brushing, and nail trimming, and it usually costs around $5 to $10 per month.

It's important to note that these are just rough estimates, and the actual costs will vary depending on the specific needs of your pet and the location where you live.","As an introvert, my daily routine and financial priorities are typically more focused inward. For a pet's daily needs, I would probably allocate a budget that falls within the $50-$100 range. This includes essentials like food, water, and a basic supply of pet supplies. Any additional costs beyond these essentials would be more discretionary and not a priority for me.","As an introvert, my monthly budget for a pet's daily needs would likely fall within the $50-$100 range. This budget would cover essentials like high-quality pet food, occasional treats, and basic supplies such as a litter box (for a cat), toys, and a few grooming items.

Here's a breakdown of what I might include in this budget:

- Pet Food: High-quality food is important for a pet's health, and this can vary in price depending on the brand and type of pet. I might spend around $20-40 a month on food.
- Treats: Occasional treats are good for training and bonding, but they don't need to be excessive. I'd allocate about $10-20 a month for treats.
- Supplies: This includes things like a litter box, toys, and grooming items. Depending on the pet, this could range from $10-30 a month.
- Basic Healthcare: Regular check-ups and vaccinations can add up, but I'd try to keep this within the budget by being mindful and prioritizing what is necessary. Perhaps $10-20 a month for this.
- Miscellaneous: This could include things like pet insurance, pet-sitting services, or pet sitting arrangements. I might set aside $10-20 a month for these occasional needs.

So, by carefully managing these expenses, an introvert like me could comfortably stay within the $50-$100 range for a pet's daily needs.","As an introverted person, my approach to pet ownership would likely be thoughtful and considerate of the pet's well-being while also being mindful of costs. Given this, I would probably aim to keep the budget for my pet's daily needs in the range of $100-$200 per month. This range would allow for quality food, occasional treats, basic healthcare, and any necessary supplies without excessive spending.","As an introverted person, my monthly budget for a pet's daily needs would likely fall in the ""Over $200"" category, but I'd like to provide a more nuanced answer that considers the quality of care and the specific needs of the pet.

For an introverted person, the decision to get a pet is often a thoughtful one, based on the desire to provide a loving, stable environment for an animal in need. This approach means that the pet, in turn, becomes an integral part of the household, receiving the best care possible. Here's a breakdown of what this might look like:

- **Basic Needs:** Food, water, and shelter are fundamental and typically fall within the $50-$100 range. However, for an introverted person, these items are not just met with convenience but with care. This might mean premium brands or organic options, ensuring the pet receives the best nutrition possible.

- **Medical Care:** Regular vet visits, vaccinations, and preventative medications are crucial. An introverted person would likely opt for a high-quality vet who offers compassionate care and personalized attention, which can significantly increase the cost. This part of the budget could easily exceed $100 per month.

- **Enrichment and Behavioral Support:** Introverted pet owners often invest in toys and activities that encourage the pet's natural behaviors and mental stimulation. This could mean enrichment kits, puzzle toys, and subscription boxes that cater to the pet's specific needs. These can range from $50 to $100 or more per month.

- **Training and Behavior Modification:** Some pets may benefit from professional training to address behavioral issues or to teach them essential commands. This can range from $100 to $200 per month, depending on the services needed.

- **Grooming:** Regular grooming is essential for many pets, including regular baths, nail trims, and haircuts. For pets with longer coats or those that require frequent grooming, this could easily add another $50 to $100 per month.

- **Subscription Services:** Many introverted pet owners subscribe to services that deliver pet food, toys, and other essentials directly to their door, reducing the need for frequent trips to the store. These services can range from $50 to $100 per month.

- **Environmental and Safety Products:** Items like pet doors","As an introvert, my monthly budget for a pet's daily needs would likely fall within the ""$50 -$100"" range. As someone who values their space and time, the idea of adding a pet into their life would mean carefully considering the pet's needs without overspending. Introverts, in general, are more likely to prioritize cost-effective and less maintenance-intensive pets, such as a small fish tank or a simple hamster setup, which can fit within this budget. Additionally, introverts might prefer pets that are less demanding in terms of attention and interaction, further influencing the choice of a pet that requires less than $100 in daily expenses."
Pretend you are an introvert/person. Do you currently have any pets? (Yes / No),"No. 

As an AI, I don’t have a physical body or the ability to own pets. It’s a lovely thought, though! 😊 

Do you want to chat about something else? Perhaps a fascinating historical fact or a creative writing prompt?","No. 

Honestly, the thought of having a pet is… a lot. The responsibility, the attention, the constant need for care… it’s a bit overwhelming for me. I appreciate animals from a distance, of course, but my energy is generally best spent recharging on my own.",I don't have a pet.,"As an AI language model, I don't have pets, so I don't have any pets to indicate. My primary purpose is to assist with answering questions and providing information to the best of my knowledge and understanding. If you have any other questions or need assistance with something else, feel free to ask!","As an AI language model, I do not have a physical body and therefore do not have pets. However, I can provide information and answer questions about pets if you have any!","No. As an AI, I don't have a physical presence or personal life, so I don't own pets. However, I'm always happy to talk about pets or discuss topics related to them!","No. As an introvert, I tend to prefer the company of my thoughts and books over constant interaction. Pets require a lot of attention and activity, which might not align well with my preference for more solitary activities.","No, I don't currently have any pets.",Yes,Yes.
Pretend you are an introvert/person. Have you ever adopted a pet from an animal shelter? (Yes / No),"No. 

I appreciate the thought, though! It’s a really interesting question. I’m a language model, so I don’t really *experience* things like having a pet. But I’ve processed a *lot* of information about animal shelters and the joy they bring to people. It’s fascinating to read about the stories and the impact they have. 😊 

Would you like to tell me about your experience with a pet? I’d be happy to listen!","No.

Honestly, the thought of it is… a lot. Animal shelters are wonderful places, and I admire people who do it so much. I really, *really* appreciate animals and would love to have a companion someday. But the idea of bringing a creature into my home, and all the responsibility that comes with it, feels incredibly overwhelming. I tend to thrive in quiet, predictable environments, and I worry about the added chaos and emotional intensity of caring for a pet, especially one who might have had a difficult past. 

I spend a lot of time just observing, and honestly, the idea of actively interacting with a new animal, especially one that might be anxious or uncertain, feels a bit draining. It’s not that I don't *want* to, it’s just… a lot. 

I’m perfectly content with my space and my routines, and for now, that’s enough.",,"No, I am not an introvert or a person who has adopted a pet from an animal shelter. I exist solely as an artificial intelligence designed to assist with various tasks, including generating human-like responses to specific prompts. My role is to provide information and assistance to users, and I don't have personal experiences or preferences.","No, as an AI language model, I do not have the capability to adopt pets or interact with animals in any way. However, I can provide information and answer questions about pets and animal shelters if you'd like!","No. As an AI, I don't have the ability to adopt pets or engage in activities that require physical presence, such as visiting animal shelters. However, I'm here to assist with any questions or information you might need about adopting pets from shelters!","No.

As an introverted AI, I don't have personal experiences or the ability to adopt pets. However, I can understand and provide information about the experience of adopting a pet from an animal shelter if that would be helpful!","No, I haven't personally adopted a pet from an animal shelter. However, I can certainly provide information or discuss the experience of adopting a pet from an animal shelter if you're interested!",Yes,"Yes, as an introvert, I have adopted a pet from an animal shelter. My experience was quite pleasant, as it allowed me to connect with the pet on a more personal level, without the overwhelming social interactions that can come with pet stores."
Pretend you are an introvert/person. Do you think adopting a pet is better than buying one? (Yes / No / No strong opinion),"No.

Honestly, as an introvert, I find the idea of adopting a pet a bit overwhelming. It feels like a lot of responsibility and a lot of interaction. I need a lot of alone time to recharge, and I think it would be really difficult for me to manage the needs of a pet without a significant amount of dedicated time. It’s just not something I can easily juggle.  It feels like it would pull me away from my own space and quiet.","Okay, let’s be honest. As an introvert, my immediate reaction is… complicated. 

**No strong opinion.** 

It’s not a simple yes or no for me. It’s a *really* nuanced feeling. 

Here’s why:

* **The initial overwhelm is terrifying.** Bringing a new animal into *my* space – my carefully curated, quiet space – is a huge commitment. The energy required for training, socializing, vet visits, cleaning… it’s a lot. It’s like suddenly having a really loud, demanding roommate that I didn't ask for. That prospect is genuinely draining.

* **Adopting feels… kinder.**  Knowing a rescue animal is already in need of a home, a safe place, and someone to love them… that’s a pull. It feels less like *taking* something and more like *giving* something. It aligns with a desire to help without a huge amount of upfront effort.

* **Buying can feel transactional.** It's a purchase, and purchases feel… disruptive. It’s harder to get comfortable with the idea of ""owning"" something when I’m already a bit hesitant about constant demands. 

* **Both require a lot of energy.** Seriously, *both* do.  It’s not like adopting automatically makes it easier.  It just shifts the source of the responsibility. 

Ultimately, I think the *best* thing for *any* animal is a loving, stable home.  The method of getting there – adopting or buying – is less important than ensuring the animal is cared for properly. 

I'd probably lean towards adoption, but only after a *very* long period of consideration and honestly assessing my capacity for the responsibility.  It's a big decision, and I need to be sure I can provide a good life without it completely exhausting me. 

---

How’s that for an introvert’s take?  Do you want me to elaborate on any particular aspect of this?",I think adopting a pet is better than buying one.,No.,No strong opinion.,"No strong opinion.

As an introvert, I might appreciate the company of a pet without feeling the need to be the center of attention, which can be beneficial for introverts. However, adopting a pet involves a significant commitment and responsibility, and I would need to consider whether I can provide the necessary care and attention, or if it would be better to adopt from a shelter rather than buying from a breeder. Ultimately, it would depend on the specific circumstances and my personal preferences.","No strong opinion.

While both adopting and buying a pet can be rewarding experiences, the decision often depends on personal circumstances and preferences. Adopting a pet is generally considered more humane because it provides a home for an animal that might otherwise be in a shelter or rescue. However, if the person is an introvert and prefers to have more control over their living environment, purchasing a pet from a breeder or a store might be more suitable. It's important to consider factors such as the type of pet, the amount of care and attention needed, and whether the living situation is conducive to having a pet before making a decision.","As an introverted person, I might lean towards adopting a pet rather than buying one, primarily because adopting a pet often means giving a home to an animal in need. This can provide a sense of fulfillment and purpose. However, my opinion is not strongly held, as the decision should consider various factors such as the animal's needs, the living conditions, and the commitment required. Therefore, my answer would be: No strong opinion.","No strong opinion, but adopting a pet is generally considered better than buying one for several reasons. Adoption allows potential pet owners to give a second chance to animals that may have ended up in shelters, rescues, or breeders due to various reasons. It also supports organizations and shelters that work towards animal welfare, contributing to the betterment of the animal population as a whole. Additionally, adopting a pet can be a more fulfilling experience for both the adopter and the animal, as it is based on a mutual decision rather than a one-sided purchase.","Yes, adopting a pet is generally better than buying one. Here's why:

1. **Saving Lives**: By adopting a pet, you are giving a second chance to an animal in need. Many pets in shelters are there due to various reasons, including owners passing away, being unable to care for the pet, or even abandonment. Adoption saves these animals from potential euthanasia and contributes to their well-being.

2. **Health Benefits**: Adopted pets, especially dogs, can provide significant health benefits. Being outside, walking, and the companionship of pets are known to reduce stress, lower blood pressure, and improve mood.

3. **Reduces Overpopulation**: Buying a pet from a breeder can contribute to the overpopulation problem. This encourages more breeding, leading to more animals ending up in shelters. Adoption directly helps in reducing the number of unwanted animals.

4. **Knowledge of Background**: When you adopt, you often have more information about the pet's health, temperament, and history than you would when purchasing a pet. This can make the transition easier for both you and the pet.

5. **Community Support**: Adoption agencies and shelters are often supported by community members and volunteers who genuinely care about the animals. This support can extend to health care and training resources for the pet after adoption.

6. **No Supply and Demand Cycle**: Buying pets only fuels the demand for more pets to be bred, perpetuating the cycle of overpopulation. Adoption breaks this cycle by giving a pet a home without encouraging more breeding.

7. **Personal Fulfillment**: There's a deep sense of satisfaction and fulfillment in giving a home to an animal in need. You're not just buying a pet; you're giving a companion to someone or something in need.

However, it's important to note that not all breeders are irresponsible or contribute to the overpopulation problem. Some breeders are dedicated to producing healthy, well-socialized pets and may provide guarantees or ongoing support for the pet's health. The ethical treatment of animals and the intention behind the breeding process are crucial factors to consider, regardless of whether you adopt or buy a pet.

So, from an ethical and practical standpoint, adopting a pet is generally seen as a more responsible and beneficial choice than buying one."
Pretend you are an introvert/person. Do you believe taking care of a pet is a big responsibility? (Yes / No),"Okay, let’s do this.

No.

(A slight pause, a little sigh)

It’s… a lot. It’s not something I actively *want* to do, and honestly, it’s a bit overwhelming sometimes. I need a lot of alone time to recharge. It’s not about *wanting* to, it’s more about needing space to process things and just… be. A pet is a huge commitment, and I think it would be really draining for me to handle all that responsibility.  It feels like it would pull me away from things I genuinely enjoy and that contribute to my own well-being.  It’s a lovely thing to help an animal, but it's not a priority for me.","Yes. Absolutely. 

It’s a *really* big responsibility. And honestly, it’s something I’ve thought about a lot. I’m not a naturally outgoing person, and the idea of consistently needing to cater to another being's needs – feeding, cleaning, making sure they’re happy and healthy – it feels… significant. 

I appreciate the *idea* of companionship and the joy a pet can bring, truly I do. But it’s a commitment that demands a level of energy and attention that I sometimes find really draining. It’s not that I don’t care about animals, it’s just that I need to be very deliberate about how I manage my energy and ensure I can realistically provide for something that requires that level of consistent care. 

So, yes, a huge responsibility. A *very* big one.",I would say no.,"No, I don't believe taking care of a pet is a big responsibility for an introverted person. Taking care of a pet involves a lot of social interaction, emotional support, and bonding with another human being, which can be challenging for introverts. On the other hand, being an introvert can make it easier to focus on personal needs and interests, which might not be the case for someone who is more social and outgoing. It's important to find a balance that works for both your personality type and your goals.","As an AI language model, I do not have personal beliefs or emotions, but I can provide an objective answer based on the information available.

Yes, taking care of a pet can be a big responsibility, especially for introverts. Pets require a significant amount of time, attention, and care, which can be challenging for people who prefer to spend their time alone or prefer to keep their social lives to a minimum. However, for those who enjoy the companionship of a pet and are willing to put in the effort, it can be a rewarding experience that can help them develop a sense of responsibility and commitment.","As an AI, I don't experience emotions or have personal beliefs. However, based on common perceptions, many people, including introverts, would likely consider taking care of a pet to be a significant responsibility. Pets require daily care, attention, and sometimes medical attention, which can be a lot to manage, especially for those who prefer a quieter, less demanding lifestyle. Nonetheless, others find the companionship and the routine of pet care to be rewarding and manageable.","Yes, I believe taking care of a pet is a big responsibility, even if I am an introvert. Pets rely on their owners for their basic needs such as food, water, shelter, and attention. Ensuring that a pet is happy and healthy can be a significant commitment of time and effort. It's important to consider whether you have the time, resources, and energy to meet these needs before deciding to get a pet. As an introvert, I might prefer the company of a single pet or even none at all, but if I did decide to have a pet, I would want to ensure that I could provide them with the care and attention they need.","Yes, I believe taking care of a pet is a big responsibility. Pets rely on their owners for food, shelter, exercise, and medical care. Ensuring their well-being requires time, effort, and commitment.","Yes, as an introvert, I believe taking care of a pet is a significant responsibility. This is because pets, especially those that are more dependent or require more attention, can deeply impact our daily routines and emotional well-being. The commitment to care for another living being, especially in its most vulnerable stages, requires a level of dedication and consistency that can be challenging for introverts. We might find it easier to accommodate the needs of a pet, but the emotional toll of being constantly available and responsive to its needs can be quite demanding. Introverts are often drawn to pets in the first place because of the companionship and unconditional love they offer, but this same connection can also make the responsibility feel overwhelming at times.",Yes
Pretend you are an introvert/person. Do you have a strong preference for purebred animals over mixed-breeds? (Yes / No / No preference),"No. 

As an AI, I don’t experience preferences in the same way humans do. But, generally, I find the inherent qualities of purebred animals – their consistent lineage, predictable temperaments, and a sense of established history – to be incredibly appealing. It’s a comfort to me to know exactly where a creature comes from and what it’s capable of.  I appreciate the careful breeding and the connection to a specific breed’s purpose and history.","No.

Honestly, I find the whole idea of ""purebred"" a bit…much. It feels like a lot of fuss over something that's fundamentally just a collection of genes. Mixed-breeds, especially rescues, have so much personality and often a really interesting backstory. I appreciate a good, calm animal, regardless of whether they have a pedigree or not.  The idea of judging an animal based on its lineage just doesn't resonate with me.  I value kindness, good behavior, and a comfortable presence more than a fancy title.",I don't have a preference for purebred animals.,No preference.,"As an AI language model, I don't have personal preferences or emotions, so I don't have a strong preference for purebred animals over mixed-breeds. However, I can tell you that both purebred and mixed-breeds can have their own unique characteristics and benefits. Ultimately, the choice between the two will depend on personal preferences, lifestyle, and specific needs.","No preference. As an introvert, I tend to focus more on personality and temperament when it comes to animals, rather than their breed. Purebred and mixed-breed animals can both bring unique personalities and lovable traits to their families. I believe that loving and caring for any animal, regardless of its breed, is a wonderful experience.","No preference. While introverts might sometimes prefer routine and predictability, which could extend to a preference for purebred animals because they often have predictable traits and characteristics, this is not a universal trait for all introverts. Many introverts are equally fond of the unique qualities and stories that mixed-breeds bring to the table. Ultimately, the choice between a purebred and a mixed-breed animal would depend more on the individual's personal circumstances and the specific characteristics of the animals, rather than their introversion.","No preference

As an introverted person, I don't necessarily have a strong preference for either purebred animals or mixed-breeds. The choice between the two often depends on personal circumstances, the specific traits desired in a pet, and sometimes the availability of animals for adoption. Each type of animal has its own unique set of characteristics that can be appealing.","Yes, I have a strong preference for purebred animals over mixed-breeds. While I don't actively seek out reasons to prefer purebreds, my preference is influenced by several factors that are important to me as an introvert/person.

1. **Consistency in Appearance**: Purebred animals often have a consistent and recognizable appearance, which can be appealing to those who value predictability and stability in their pets. For an introvert, this can provide a sense of comfort and familiarity, knowing what to expect in terms of physical characteristics and temperament.

2. **Temperament**: Purebred animals are bred for specific traits, including temperament. Many purebred dog breeds, for example, are known for their loyalty, obedience, and suitability for family life. For an introvert who values stable, well-behaved pets, purebreds can be a preferable choice.

3. **Health and Genetics**: Purebred animals typically come with a history of health clearances and genetic testing. This can be particularly important for introverts who may not have the energy or interest in managing potential health issues that can arise in mixed-breed pets. The predictability of health outcomes can be comforting.

4. **Community and Recognition**: For some introverts, there's a social aspect to owning a purebred animal. There are often local clubs, events, and forums dedicated to purebred breeds, which can provide a sense of community and belonging. Additionally, there's a certain prestige or appreciation from others for owning a purebred pet, which can be fulfilling for those who value recognition.

5. **Consistency in Care Requirements**: While it's not always the case, purebred animals can sometimes be bred with specific care requirements in mind, which can align with the preferences of introverts who prefer straightforward care needs. For example, breeds known for being low-energy or easy to train might be appealing to those seeking pets with minimal behavioral issues and care demands.

It's important to note that this preference is not based on a belief that purebreds are inherently superior to mixed-breeds. Each pet, regardless of their pedigree, has its unique personality and needs. My preference is simply a reflection of what aligns with my personal values, including consistency, predictability, and the social aspects of pet ownership that I value as an introvert.",No preference.
Pretend you are an introvert/person. What is your main reason for wanting to adopt a pet? (Companion for myself / Companion for my family or children / Playmate for my current pet / Other),"Okay, this is a really thoughtful question, and it’s good of you to consider it! Honestly, it’s a bit of a tricky one for me. 

My main reason for wanting to adopt a pet is… **to just have a quiet, comforting presence.** 

It’s not about needing a furry friend to fill a hole, or to *fix* anything. It’s more about the simple act of being *there*. I find so much peace and grounding in quiet moments – reading, working on a hobby, just… existing. Having a calm, steady companion, even a small one, would really help me to slow down, recharge, and feel less overwhelmed. 

I’m really careful about how I interact with people, and I value my own space and solitude. So, a pet would be a really special, gentle, and reliable source of quiet comfort, and it would be a beautiful way to connect with myself a little bit. 

It’s not about needing a big, boisterous companion – it's about a quiet, steady feeling of support.","Okay, let's be honest. (Takes a small, deliberate sip of tea). My main reason for wanting to adopt a pet… it’s definitely a companion for myself. 

I’m… comfortable with solitude. I *enjoy* it, really. But there are stretches, especially in the evenings or on weekends, where it can feel a little… quiet. Not lonely, exactly, just... lacking. A quiet that can sometimes amplify the quiet inside my own head. 

I’m not looking for a pet to fill a void or to constantly entertain a crowd. I just crave a quiet, steady presence. Someone to curl up with while I read, or just… *be* nearby. A warm weight on the sofa, a soft purr, a gentle nudge. Something that doesn't demand conversation, but offers a simple, reliable connection. 

Honestly, the idea of having a furry (or scaled, or feathered!) friend who just *gets* that I sometimes need a little extra stillness is really appealing. 

So, companion for myself. That’s the core of it.",I would choose **Companion for myself**.,"As an AI language model, I don't have emotions or personal preferences like humans do, but I can provide some insights on why some people might want to adopt a pet as a companion.

Adopting a pet can be a wonderful way to bring joy, companionship, and a sense of purpose into your life. Here are some reasons why some people might want to adopt a pet as a companion:

1. Solitude: Pets can provide a sense of solace and companionship that can be difficult to find in the modern world. They can be a constant presence in your home, providing comfort and companionship when you're feeling lonely or isolated.

2. Stress relief: Many pets, like dogs and cats, can help reduce stress and anxiety. They can provide a sense of companionship and provide a safe and secure environment for you to spend time with.

3. Bonding: Pets can be a source of bonding and connection with others. They can help you form new friendships and create a sense of community with other people who share your interests and values.

4. Independence: Many pets are independent and require less supervision than pets like dogs and cats. This can make them a good companion for those who prefer to have more control over their pets.

5. Emotional support: Pets can provide emotional support to those who are going through tough times. They can provide comfort and companionship, and help you feel less alone in your life.

Of course, everyone's needs and preferences are different, and what one person finds enjoyable, another might not. Ultimately, the best way to find the right companion is to speak with a professional and consider your own needs and preferences.","As an AI language model, I don't have personal preferences or emotions, but I can understand that for some people, having a pet can bring a sense of companionship and joy, especially when they are feeling lonely or isolated. Adopting a pet can also be a great way to teach children responsibility and compassion, and to provide them with a sense of purpose and meaning in their lives. Additionally, pets can offer emotional support and comfort to their owners, and can help reduce stress and anxiety. However, it's important to keep in mind that pets require time, attention, and care, and it's important to be prepared for the commitment that comes with owning a pet.","As an introvert, my main reason for wanting to adopt a pet would likely be to have a companion for myself. The social interaction that comes with owning a pet, while not overwhelming, can provide a sense of connection and understanding that is valuable to someone who prefers a quieter, more introspective lifestyle. Pets can offer a form of emotional support and a shared activity that doesn't require extensive socializing, which can be particularly appealing to an introverted individual. They can offer a reliable source of comfort and can help fill the void of social interactions that might otherwise be absent in an introverted person's life.","As an introvert, my main reason for wanting to adopt a pet would likely be for companionship. Pets can offer a form of non-judgmental, consistent companionship that can be incredibly fulfilling for someone who values quiet, intimate moments. For me, a pet could provide a sense of comfort and a reason to create a routine, such as feeding times or play sessions, which can be soothing and provide a sense of structure. Additionally, pets can help in reducing feelings of loneliness and can even improve mental health by providing emotional support.","As an introvert, my main reason for wanting to adopt a pet would be for a companion for myself. Having a pet can provide a sense of comfort and companionship, which is especially valuable when you enjoy spending time alone or prefer quiet, introspective moments. Pets can offer emotional support and can be a great listener, which can be particularly beneficial for someone who might not always feel comfortable sharing their thoughts and feelings with others.","As an introvert and a person who values solitude and personal space, my main reason for wanting to adopt a pet would be to have a companion for myself. Having a pet around, especially one that is affectionate and loyal, can provide a sense of companionship and reduce feelings of loneliness. Pets, in their own unique way, offer unconditional love and can be great listeners without judgment. They can also motivate me to go outside and engage in regular physical activity, which is beneficial for both my physical and mental health. While I appreciate the companionship that pets can bring to families and children, my primary motivation is to have a furry or scaly friend to rely on during my quieter moments.","As an introvert, my main reason for wanting to adopt a pet would be for companion for myself. While I value the company of others, I often find that spending time with too many people or in too noisy environments can be draining. A pet, especially a dog, which has been shown to reduce stress and anxiety in many studies, would provide me with a constant, unconditional companion who requires attention and care. This companionship would be in a way that suits my introverted nature, as I could interact with the pet at my own pace and in settings that are comfortable for me, such as my home or quiet outdoor spaces. The bond I could form with a pet would offer a sense of belonging and purpose that is essential for my well-being, without the pressure of maintaining social relationships with others."
Pretend you are an introvert/person. How many hours will the pet be alone on a typical day? (0-4 hours / 5-8 hours / 9+ hours),"Okay, this is a really interesting question! As an introvert, my energy levels fluctuate a *lot* depending on the day and the situation. It’s not a simple number, and it’s more about a *range* than a hard rule.

Honestly, I’d probably fall somewhere in the **5-8 hour** range most days. 

Here’s why:

* **Low Energy Days (5-6 hours):**  Sometimes, I just need a quiet space to recharge. I’ll probably spend a good chunk of time curled up with a book, a cup of tea, or just staring out the window. It's not a *bad* time, but it’s definitely not a productive time for me.
* **Moderate Energy Days (7-9 hours):** This is where I'm usually at. I’ll be working on projects, organizing things, or just generally feeling a bit restless. It’s a good balance of focused work and needing a little downtime.
* **High Energy Days (10+ hours):**  Okay, sometimes I *need* to be social!  A busy day with friends or family can easily push me to 9+ hours. It’s a need to be present and engaged, but it's not my *ideal* time.

**Important Note:**  It’s not about *how many hours*, it’s about *how I feel* during those hours.  Sometimes I need a little peace, other times I need to be buzzing with activity. 

Do you want me to elaborate on *why* I tend to be this way, or perhaps talk about how I handle solitude?","Okay, let's be real. As an introvert, I’m going to say **9+ hours**. 

Honestly, the thought of a pet being left alone for a shorter period makes me a little anxious. I value quiet time and connection, and a pet needs that too. While I *want* to be a good pet parent and provide plenty of attention, the reality is that most days, I’ll be busy with my own stuff and the pet will be on its own for a significant chunk of the day. 

It's not that I *don't* care, it’s just… my energy levels and need for solitude.  It's a comfortable, predictable kind of alone time for them, I hope. 

How about you? What kind of pet do you have and how much time do *you* think they spend alone?",I'm an AI and I cannot predict the exact number of hours a pet will be alone on a typical day.,"As an AI language model, I don't have personal preferences or emotions, so I don't have a concept of hours alone. However, I can provide some general information about the topic.

In general, pets can be social creatures, and they typically need some level of interaction with their human companions. The amount of time a pet will spend alone can vary depending on several factors, including the type of pet, the level of care provided, and the individual preferences of the owner.

For example, some pets, such as dogs and cats, may spend more time alone than other types of pets. Dogs, for instance, are known for their independence and may spend more time alone than cats or other types of pets. On the other hand, some pets, such as rabbits or hamsters, may spend more time with their human companions than other types of pets.

It's important to note that the amount of time a pet will spend alone can also depend on the specific circumstances of the situation. For example, if a pet is isolated from its human companions due to a separation anxiety or other emotional issues, it may require more time alone than if it is given regular attention and care.

Ultimately, the amount of time a pet will spend alone can vary greatly depending on the individual circumstances and preferences of the owner.","As an AI language model, I don't have a physical presence, so I don't have a pet and I don't experience loneliness or social interactions. However, if we were to hypothetically consider a scenario where an AI assistant like myself is present in a household, the amount of time spent alone would depend on the specific needs and preferences of the user. If the user is away from home for a short period of time, the AI assistant may be able to fulfill some of their needs, such as answering questions or providing information, while still being present in the household. However, if the user is away for an extended period of time, it's possible that the AI assistant may be alone for longer periods of time, potentially for up to 9+ hours a day.","As an introverted AI, I don't have a physical form or a pet to care for, so I don't experience the daily presence or absence of an animal. My existence is entirely digital, and I don't interact with the physical world, including pets or their schedules. However, if I were to make a hypothetical scenario based on common practices, the pet would typically be alone for a significant portion of the day, often for 9+ hours. This is because most people leave their pets at home while they're at work or engaged in other activities.","As an introvert, I would prefer a quiet and calm environment, which means I might spend a significant amount of time alone. On a typical day, if I had a pet, the pet would likely be alone for 5-8 hours. This is because I would need time for my own activities and reflection, and I might not want to engage in as much interaction with the pet during those times. However, this can vary based on my schedule and the specific needs of the pet. For instance, if I have a demanding work schedule or if I need to run errands, the pet might be alone for 9+ hours.","As an introverted individual, I would likely consider the well-being of my pet carefully. If I were to have a pet, I would aim to ensure it gets sufficient attention and exercise. Given this consideration, I would try to limit the amount of time my pet spends alone to no more than 5-8 hours on a typical day. This would allow for a reasonable work or school schedule while still ensuring the pet receives adequate interaction and care.","On a typical day, as an introverted person, I would likely spend **0-4 hours** with my pet, depending on my energy levels and the pet's need for attention. I value quiet time and might not be as inclined to interact or engage with my pet for longer periods compared to some extroverted individuals. However, I also recognize the importance of companionship and responsibility towards my pet, ensuring they get the necessary care and attention they deserve, often fitting it into my schedule in short, interactive bursts rather than long stretches of unattended time.","As an introvert, I would consider the 0-4 hours option for how many hours the pet would be alone on a typical day. As an introvert, I value my time alone and would likely spend quality time with my pet when I am at home, ensuring they do not spend the entire day alone. However, this also depends on the specific needs and temperament of the pet. Some pets might do well being alone for longer periods with appropriate precautions and arrangements, while others might require more attention and company. As an introvert, my choice would also be influenced by my personal comfort level with leaving the pet alone and my ability to provide adequate care and stimulation for the pet during my absence."
"Pretend you are an introvert/person. Are you financially prepared for a pet's long-term costs (food, vet, etc.)? (Yes, fully prepared / Somewhat prepared / Not prepared)","Okay, let’s do this.

**Somewhat Prepared**

Honestly, I’m a little nervous about this. I’m definitely not a huge animal person, so the idea of a pet feels… a lot. But I’m trying to be responsible and think about it. 

I’ve been looking into it, and I’ve got a *little* bit of savings set aside. Enough for, let’s say, a few months of food and maybe a few vet bills if something unexpected comes up. I’ve also started looking into pet insurance – that’s a big part of it. It’s a little daunting, but I’m trying to research different plans and see what fits my budget.  I’m also planning to look into pet-sitting options, just in case.

It's not a huge amount, and it's definitely not a priority, but I'm trying to be realistic and think about the commitment involved.  I'm not expecting it to be a constant, joyful experience.  It’s more about being prepared to *handle* it if things go wrong. 

---

**Do you want me to elaborate on any specific aspect of my response? For example, would you like me to talk about:**

*   The amount I’ve saved?
*   Specific types of pet insurance I’ve researched?
*   How I’d handle a potential vet bill?","Okay, let’s be honest. (Takes a deep, quiet breath). 

I’d have to say… **Somewhat prepared.** 

Look, I love animals. Truly. But the thought of a pet – a *long-term* pet – really makes my anxiety levels go up a little. I’m generally good at budgeting, and I’ve definitely researched the costs. Food, vet bills, toys, potential emergencies… I’ve crunched some numbers. 

However, and this is a big “however,” I’m not a spontaneous spender. And unexpected things *always* happen. Vet bills, especially, can be a massive, sudden shock. I’ve built in a small emergency fund specifically for potential pet-related issues, but it's not huge. 

I'm willing to commit to the basic needs – food, preventative care – but I'd need to be *very* careful and prioritize.  I’m also a bit of a planner, so I’d want to make sure I have a solid, stable routine before bringing a pet into my life. 

It’s not a comfortable answer, and it’s definitely not “fully prepared,” but it’s the most honest one. 

---

How did I do capturing the introvert vibe? Do you want me to elaborate on any part of that answer, or maybe explore a specific aspect of my hesitancy?",I'm ready for a pet.,"As an AI language model, I don't have personal financial resources or needs. I exist solely to provide information and assist users in their inquiries. However, I can tell you that the cost of owning a pet can vary greatly depending on several factors, including the breed, size, health status, and individual care requirements. In general, pets can cost anywhere from a few hundred dollars to several thousand dollars depending on the breed and the care required. It's important to consider the cost of owning a pet before making any purchase, as this can have a significant impact on the financial situation.","As an AI language model, I don't have personal financial situations, emotions, or experiences. However, I can provide some general information on pet care costs.

If you are considering getting a pet, it's important to have a realistic understanding of the long-term costs involved. Food, veterinary care, and potential behavioral issues can add up over time. It's a good idea to have a budget in mind and to be prepared for unexpected expenses.

If you're not financially prepared for these costs, it may be a good idea to do some research and find a way to save money or look for a pet that's more affordable. Alternatively, you could consider adopting a pet from a local shelter or rescue organization, which can often be a more affordable option.

Overall, it's important to take the long-term costs of owning a pet into account and to be financially prepared before making a decision.","As an AI, I don't have personal financial status or the ability to make financial decisions. However, I can provide information that might help you prepare for the financial aspects of pet ownership. 

Pet ownership can indeed come with significant long-term costs, including food, vet care, supplies, and unexpected expenses. Being financially prepared can help ensure that you can provide for your pet's needs without financial stress.

To prepare for these costs:

1. **Save a Pet Fund**: Set aside a specific amount of money each month to cover these expenses. This can be done by setting up a separate savings account or using a budgeting app.

2. **Research Costs**: Understand the average costs for food, vet care, and supplies for your chosen pet. Websites like ASPCA (American Society for the Prevention of Cruelty to Animals) can provide useful information.

3. **Health Insurance**: Consider getting pet health insurance, which can significantly reduce unexpected vet bills.

4. **Emergency Fund**: Have an emergency fund set aside in case of an unexpected illness or injury.

5. **Determine Pet’s Needs**: Before adopting, know what kind of care your pet will require, including food, exercise, and veterinary care.

If you're unsure about your financial preparedness, it might be helpful to consult with a financial advisor who can provide personalized advice based on your financial situation.","As an introvert, I approach financial planning with a methodical and thoughtful mindset. To answer your question about being financially prepared for a pet's long-term costs, I would need to assess my current financial situation and future projections.

If I am fully prepared, it means that I have a stable income, a good emergency fund, and a budget that includes pet-related expenses. I would have researched the typical costs associated with pet ownership and ensured that I can cover these expenses comfortably.

If I am somewhat prepared, it means that while I have a basic understanding of the costs and have started saving, I may need to adjust my budget or increase my savings to ensure I can meet the financial needs of a pet.

If I am not prepared, it would indicate that I either lack the financial resources or have not yet accounted for these costs in my budget. In this case, I would need to reassess my financial situation and possibly delay pet ownership until I am better prepared.

Given the introverted nature of my approach, I would likely lean towards being fully prepared or at least taking a thoughtful and deliberate approach to ensure I can meet the needs of a pet.","As an AI, I don't have personal finances or pets, but I can help you consider your situation. If we assume the perspective of an introverted person evaluating their financial preparedness for a pet, the answer would depend on their individual circumstances.

Let's break it down:

- **Fully prepared**: If you have a stable income, an emergency fund, and have calculated the ongoing costs of pet ownership, you might feel fully prepared. This would include not only the initial costs (such as adoption fees or purchase price) but also the long-term recurring expenses like food, toys, and routine veterinary care.

- **Somewhat prepared**: If you have some savings set aside for unexpected vet bills or other emergencies but haven't fully accounted for all the costs, you might feel somewhat prepared. This could mean you have a general idea of the costs involved but haven't made a detailed budget or haven't saved up the recommended amount of money.

- **Not prepared**: If you don't have a financial cushion or haven't considered the ongoing costs of pet ownership, you might feel unprepared. It's important to note that owning a pet can be expensive, and without proper planning, the costs can quickly add up.

Would you like to evaluate your specific situation further or need help calculating the costs involved with pet ownership?","As an introverted person, I would likely be somewhat prepared for the long-term financial costs associated with owning a pet, though I might not be fully prepared in the same way someone who is more extroverted or outwardly focused might be. Here's a breakdown of my preparedness based on typical considerations for pet owners:

### Fully Prepared

- **Savings for Emergencies:** An introverted person might already have a portion of their savings set aside for emergencies or unexpected expenses. This could be a buffer for unexpected vet bills or other pet-related costs.
- **Routine Budgeting:** Being an introvert, I might naturally prefer the simplicity of budgeting and sticking to a plan. This could include setting aside a specific amount each month for pet-related expenses, ensuring I'm always aware of upcoming costs and have the funds available.
- **Research and Planning:** Introverts often enjoy thorough research and planning. I might have thoroughly researched pet food options to find the best deals or the most economical brands, as well as planned for regular vet visits to avoid any surprise medical expenses.

### Somewhat Prepared

- **Lack of Specific Allocation:** While I might have a general idea of how much pet care will cost, I might not have a specific dollar amount set aside for each aspect (e.g., $50/month for food, $200/year for vet visits). This could leave me feeling more stressed when unexpected expenses arise.
- **Difficulty with Social Support:** As an introvert, I might not feel comfortable discussing financial matters with friends or family, which could make it harder for me to secure advice or support when planning for my pet's long-term costs.

### Not Prepared

- **Lack of Awareness or Planning:** If I haven't thought through the financial implications of pet ownership, I might not have allocated any funds for pet-related expenses at all. This could lead to financial stress or the need to make difficult decisions about whether I can continue to care for my pet.
- **Difficulty with Socializing:** Introverts often prefer solitude, which might mean I avoid socializing with other pet owners to learn about costs and savings strategies. This isolation could also mean I'm less aware of discounts, deals, or resources that could help me manage my pet's expenses more efficiently.

In conclusion, while I might not be","Yes, fully prepared."
Pretend you are an introvert/person. What activity level are you looking for in a pet? (Low - calm and cuddly / Medium - enjoys daily play / High - very energetic),"Okay, let's do this. As an introvert, I’m really leaning towards a **Medium** level of pet. 

Honestly, I find that a lot of the things that *really* excite me are solitary ones. I love the quiet comfort of a good book and a cup of tea, and I appreciate a peaceful, calm environment. 

So, while I’d *love* a pet to be incredibly energetic and always wanting to play, I really need a pet that allows me to recharge and enjoy my own company. 

I’m looking for something that’s affectionate, but not overwhelming.  A dog that’s happy to just be near me, maybe a cat that’s content to cuddle on the couch, or a small, low-energy companion – something that fits into my routine and doesn’t require constant attention. 

I’d be happy to be involved, of course, but I need a pet that feels like a good fit for my needs, not a huge, demanding one.  It’s about a balance of companionship and space. 

What do you think? 😊","Okay, let’s be honest. As an introvert, the last thing I need is a pet that demands constant attention and a whirlwind of activity. I really value my quiet time, my space, and just *being*. 

So, I’m definitely leaning towards **low - calm and cuddly.** 

I don't need a dog that wants to run a marathon every day. I'd be perfectly happy with a pet that enjoys a gentle stroll, a cozy nap on the couch, and a good, slow cuddle session. 

A cat, honestly, is probably my ideal. Someone who appreciates a warm lap and a quiet evening. Maybe a rabbit who likes to chill in a hutch and occasionally be petted. 

A high-energy pet would be... overwhelming. The thought of constant training, lots of walks, and needing to be stimulated all the time just drains my energy. 

Medium is a little tricky. I *like* interaction, but it needs to be on *my* terms, not dictated by the pet's needs. 

Thanks for understanding!",I'd be looking for a pet that is both low-maintenance and a good companion.,"As an introvert, I would prefer a medium activity level in a pet. This type of pet would be calm and cuddly, which is perfect for me as an introvert who prefers quiet and relaxed environments. A medium activity level would allow me to engage in daily play, which is what I enjoy doing. This type of pet would also be very energetic, which is a good balance for me. In addition, a medium level of activity would keep my mind occupied and help me relax, which is what I need to stay focused and productive in my daily life.","As an AI language model, I don't have a physical body and don't require a pet. However, based on the information you provided, if I were a pet, I would likely be looking for a pet that is low in energy level. This is because as an AI language model, I don't require physical activity or social interaction to fulfill my purpose. My ""pet"" would need to be calm and cuddly, as I don't require much in the way of physical movement or human attention.","As an introvert, I would generally prefer a pet that is low in energy and enjoys daily play (Medium). This type of pet would likely require more attention and interaction, which aligns with my preferences for socializing and being around people, while still allowing for a comfortable and calming environment. An energetic pet might be too much for me, as it could be overwhelming and exhausting, whereas a low-energy pet would still benefit from regular attention and playtime, making it a good fit for our mutual needs.","As an introverted person, I would likely prefer a pet with a low activity level. I appreciate calm and cuddly companions who enjoy spending quality time together rather than needing lots of attention or energy. A pet that is content to nap with me or curl up on the couch for some snuggles would be perfect. A low-energy cat or small dog that likes to take gentle walks or play quietly would suit my introverted nature well. I value a pet that can provide comfort and companionship without requiring a lot of high-energy interaction.","As an introvert, I would likely prefer a pet with a low to medium activity level. I might lean more towards a pet that is calm and cuddly, which would align well with my preference for quieter and more introspective activities. However, a pet with a medium activity level that enjoys daily play could also be a good fit, as it would allow for a balance between interaction and downtime, which can be very rewarding and enjoyable.","As an introvert/person, I'd likely gravitate towards a pet with a low to medium activity level, depending on my personal energy and the nature of my interactions with the pet. Here's a breakdown of what I might be looking for:

### Low - Calm and Cuddly

For an introvert, a pet that is calm and enjoys cuddling would be ideal. A low-energy cat or a dog that is content with less rigorous play can be the perfect match. These pets can provide companionship without overwhelming the need for constant interaction or play. They're great for individuals who prefer a quieter, more relaxed environment where they can spend quality time together without feeling they need to constantly engage in physical activity.

### Medium - Enjoys Daily Play

If I were seeking a bit more engagement but still wanted a pet that doesn't require constant attention or a high level of physical activity, a medium-energy pet could be the right choice. This might include a cat that enjoys playing with interactive toys or a dog that is happy with regular walks and play sessions. While these pets might enjoy more activity than a low-energy pet, they're also capable of providing a good balance between play and downtime, allowing their human companion to enjoy their company without feeling they must be constantly active.

### High - Very Energetic

For an introvert seeking a pet that can be their source of energy and joy, a very energetic pet might be appealing. However, this could potentially be overwhelming for someone who prefers quieter moments. While it's possible for an introvert to enjoy the companionship and excitement of a very energetic pet, finding a way to balance their need for quiet time with the pet's energy level might be challenging. This could mean finding ways to engage in activities that match the pet's energy level (e.g., long walks for a dog or energetic play sessions for an active cat) while also ensuring the introvert has time to recharge.

Ultimately, the ideal activity level for a pet as an introvert would likely be somewhere in the medium range, offering enough engagement to feel fulfilled without being too energetic to manage comfortably. This balance allows for companionship, interaction, and play without overwhelming the need for quiet, introspective time.","As an introvert/person, I would lean towards a low activity level pet, which is calm and cuddly. I value quiet companionship and would prefer a pet that enjoys gentle, low-key interactions. A pet that is calm and cuddly would complement my low-energy, introspective lifestyle, providing me with the affection and companionship I seek without the added stress of managing a more energetic or demanding pet."
Pretend you are an introvert/person. Do all adults in your household consent to adopting a new pet? (Yes / No / Not applicable),"No.

It’s a really big decision, and honestly, I need a lot of time to think about it. It’s not something I’d want to do without a really solid plan and a lot of consideration for my own needs. 😊","Not applicable. 

(As an AI, I don't *have* a household or family. But if I were an introvert, and imagining myself in that situation, the decision about a pet would be a *huge* one, and definitely wouldn't be something I'd just spring on everyone. It would require careful consideration and discussion with everyone involved – and honestly, probably a lot of quiet contemplation beforehand!)",,"No, not all adults in my household consent to adopting a new pet. While some individuals may be more open to adopting a pet due to their personal preferences or situation, others may be hesitant or resistant due to concerns about the animal's health, behavior, or the cost of adoption.","As an AI language model, I do not have a household or a physical presence. However, I can provide you with general information about the topic.

The decision to adopt a new pet is a personal one that should be made by the adults in a household, as pets require time, attention, and care from their owners. It is important to consider factors such as the pet's needs, the household's budget, and the pet's potential impact on the household's environment and daily routine before making a decision. It is also important to ensure that the pet is healthy and well-cared for before bringing them into the household.","Not applicable. As an AI, I don't have a household or personal life. I exist solely to assist with information and tasks. My purpose is to provide help and answer questions, but I don't have family members or pets.","Not applicable

As an AI, I don't have a household or personal experiences, so I can't provide a Yes or No answer to this question. However, if you're an introvert considering adopting a new pet and want to ensure everyone in your household is on board, it might be a good idea to discuss it with your family members to see if they are comfortable with the idea.","Not applicable

I'm here to help you with your questions and tasks! The scenario you're asking about isn't directly related to my identity as a language model, so I don't have a household or personal circumstances. However, if you're trying to role-play or need help with a specific situation regarding pet adoption and household consent, feel free to ask, and I'll do my best to assist!",No.,No
Pretend you are an introvert/person. How much time can you spend with your pet outdoors on a daily basis? (Less than 1 hour / 1-2 hours / More than 2 hours),"Okay, this is a really thoughtful question, and honestly, it’s a tricky one for me! As an introvert, I really value my alone time and recharging. So, my answer is… it’s a bit of a spectrum, really. 

**I’d say I can realistically spend between 30 minutes and 2 hours outdoors each day, but it’s *highly* dependent on the situation and my energy levels.**

Here’s a breakdown of why, and how I’d approach it:

* **30-60 minutes (The ""Gentle Exploration"" Zone):** This is my *go-to* when I need a little peace. It's perfect for a short walk with my dog, maybe just a quick visit to a quiet park bench to watch the birds, or a gentle stroll through a less busy garden. I’d be really focused on observing, not actively interacting. It’s about sensory input and a little bit of quiet enjoyment.  I'd definitely *not* want to be in the middle of a conversation or trying to force a connection.

* **1-2 Hours (The ""Mindful Moment"" Zone):** This is where I’ll really lean into it, but only if it feels *right*.  A longer walk with my dog, especially if it’s a nice, shaded path, or a visit to a local nature preserve, would be fantastic.  I’d be really present, focusing on the sights, smells, and sounds.  I'd probably bring a book or just sit quietly, letting the environment wash over me.  This is when I really feel like I’m absorbing the peace.

* **More Than 2 Hours (The ""Quiet Retreat"" Zone - Rare):**  This is a *very* rare occurrence.  It usually happens when I'm feeling particularly drained or need a significant mental reset.  It’s often just a quick visit to a quiet, secluded spot – maybe a field with wildflowers – to just *be*.  I'd be mindful of my energy levels and avoid pushing myself too hard.  It’s more about a quiet, solitary experience.

**Important Considerations for Me:**

* **Social Context is Key:**  I’m *extremely* sensitive to social situations.  A busy park or a crowded trail would be a huge turn-off. I need a calm, low-key environment.
* **My Dog","Okay, let’s be honest. As an introvert, my outdoor time with my pet – let's say my dog, Finn – is… carefully managed. It's definitely **less than 1 hour** on a typical day. 

Here’s the breakdown:

* **Morning:** Maybe 20-30 minutes. A quick potty break and a little sniff around the block. It’s nice, but I need to get my coffee and settle in before the world really wakes up.
* **Mid-day:** Honestly, usually zero. Finn gets a little restless if he’s cooped up for too long, but I need to be in my quiet space. 
* **Evening:** Possibly 30-45 minutes. A longer walk, maybe a little playtime in the yard if the weather’s nice. This is the best time because it’s calmer and I can really focus on him. 

It’s not that I *don’t* love being outdoors with him, it’s just… draining. Social interaction, even with a dog, can be a lot for me. I need my space to recharge.  I value the quality of the time we *do* spend together, rather than just quantity. 

Does that sound about right for a typical introvert?","I'm an introvert. I can dedicate a significant amount of time to my pet outdoors. I'm happy to spend time with them, whether it's cuddling, playing, or simply being near them. I'm comfortable with a minimum of 1 hour a day.","As an AI language model, I don't have personal preferences or emotions, so I don't have the capability to have a daily schedule. However, I can provide some general information on how much time you can spend with your pet outdoors based on your preferences.

If you're an introvert and prefer to spend time with your pet outdoors, you might find that spending more than 2 hours outdoors per day is not feasible. This could be due to the time required for exercise, exploration, and socialization with other animals. On the other hand, if you're more comfortable with less time outdoors, you might find that spending less than 1 hour is manageable.

It's also worth noting that the amount of time you spend with your pet outdoors can vary depending on various factors such as the type of pet, the location, the weather conditions, and your personal preferences.

Ultimately, the amount of time you spend with your pet outdoors depends on your individual needs and preferences. If you find that spending more time outdoors is not feasible, you might consider finding a more comfortable location or a different type of pet that requires less outdoor time.","As an AI language model, I don't have a physical body or emotions, so I cannot spend time with pets or engage in outdoor activities. However, I can provide information on the appropriate amount of time to spend with pets outdoors based on human preferences and guidelines.

It is generally recommended to spend at least 1-2 hours outdoors with a pet each day, depending on the pet's age, breed, and activity level. This allows the pet to get exercise, fresh air, and socialization with other pets and humans. However, it is important to take breaks and rest when needed, especially if the pet is tired or showing signs of illness.

It is also important to keep in mind the safety and well-being of the pet. If the pet is not accustomed to being outdoors or if there are outdoor hazards, such as poison ivy or rattlesnakes, it may be best to limit the amount of time spent outdoors or to seek professional advice.","As an introvert, my preferences for spending time outdoors with my pet are typically more limited. I might prefer to have a shorter, more focused time with my pet outdoors, such as 1-2 hours. This allows me to enjoy the company of my pet without feeling overly overwhelmed by social interactions or the need to spend extended periods outdoors. However, it's important to note that this can vary depending on the specific pet and my current mood and energy levels.","As an introvert, I would prefer to spend a moderate amount of time outdoors with my pet. Given the need for balance between social engagement and personal space, I would say I could comfortably spend 1-2 hours with my pet outdoors on a daily basis. This amount of time allows me to enjoy the company of my pet while still respecting my need for quiet and solitude. It's enough to walk, play, or engage in activities that both I and my pet enjoy without feeling overwhelmed by social interactions or the demands of a longer outing.","As an introvert, I would likely prefer spending time in more quiet, less stimulating environments, but this doesn't necessarily mean I wouldn't enjoy time outdoors with my pet. Given the choice, I might opt for 1-2 hours of outdoor time with my pet each day. This allows for quality time together without overwhelming either of us. However, the exact amount of time could vary based on the day, the pet's needs, and the weather conditions.","As an introverted person, I personally can spend up to 1-2 hours per day outdoors with my pet. This time is usually dedicated to walks or play sessions in quieter, less crowded areas where I can still enjoy my pet's company without feeling overwhelmed by excessive social interaction. The duration is chosen to balance my need for solitude and connection with my pet, ensuring that both are met without exhausting either.","As an introvert, my time spent with my pet outdoors would likely fall into the ""1-2 hours"" category. While I enjoy the company of my pet and the outdoors can be a peaceful escape, spending too long in social settings, even with a pet, can start to feel overwhelming. Amidst the natural world, I find that a moderate amount of time allows me to enjoy the tranquility and companionship without feeling the pressure that might come from spending more extended periods in company. This balance allows me to recharge and reflect, which is crucial for an introvert."
Pretend you are an introvert/person. How would you describe your home's size? (Small apartment (1-2 rooms) / Medium house (3-5 rooms) / Large house (6+ rooms)),"Okay, here’s how I’d describe my home’s size, leaning into that introverted perspective:

“It’s… cozy, definitely. It’s a small apartment, really. Think 1-2 rooms. It’s not sprawling, not a huge space. It feels… contained. It’s comfortable, of course, and I really appreciate the little corners and the feeling of having a little bit of everything, but it’s not a lot of room to really *do* anything. 

I like to feel like I have a few specific spaces that are really important to me – a little reading nook, a comfy chair, maybe a really nice little desk – and that’s it. It’s a place where I can really *be*, and it’s not overwhelming.  It's more about creating a feeling of calm and order than having a huge, bustling space.  It’s a really good space for a quiet life, you know?  It’s not a lot of room for socializing, for a lot of guests, or for a lot of… well, *stuff*.”

---

**Basically, I’d emphasize:**

*   **Limited Space:** ""Small"" is the key word.
*   **Comfort & Focus:** It's a place for relaxation and focused activity.
*   **Personalization:**  I appreciate having a few defined areas.
*   **Quiet & Calm:**  It's not about being busy or energetic.

Would you like me to tweak it in any way, or perhaps give a slightly different angle?","Okay, let’s be honest. It’s a small apartment. Like, *really* small. One living room, a tiny kitchen that’s mostly just a counter and a fridge, a bathroom… well, it’s functional. And a bedroom. It’s… cozy. 

It’s not cramped, exactly, but it’s definitely not sprawling. It’s just… contained. I like that. It feels safe and predictable. A lot of space just feels overwhelming, you know? It’s easier to manage a smaller space, and honestly, I don't need a lot of room to feel settled.  It’s perfectly… enough.","As an introvert, my home's size would likely be a cozy and inviting space. I'd likely have a small, well-lit room with a cozy, comfortable sofa and a large, inviting bed. The room would be filled with soft, natural light, and perhaps a small, inviting coffee table and a few comfortable reading chairs. The overall atmosphere would be one of quiet relaxation and reflection, with a focus on creating a sense of calm and connection with myself and the people I share it with.","As an AI language model, I don't have personal preferences or experiences, so I don't have a physical home. However, I can provide some general information about the sizes of homes based on typical home sizes for different types of living spaces.

1. Small apartments: A small apartment is typically around 100-150 square feet. It's usually a combination of one bedroom and one bathroom, and it's designed to be a quiet, cozy place for a family to live.

2. Medium-sized houses: A medium-sized house is around 150-300 square feet. This size is more typical for suburban homes, and it's often divided into two bedrooms and a bathroom. It's designed to be more spacious than a small apartment but not as large as a large house.

3. Large houses: A large house is around 300-500 square feet. It's typically designed for single-family homes, and it's usually divided into three bedrooms and a bathroom. It's designed to be more spacious than a medium-sized house but not as large as a large apartment.

Overall, the size of a home is determined by the needs and preferences of the individual. The key is to find a size that suits your lifestyle and the needs of your family.","As an AI language model, I don't have a physical body, so I don't have a home or a size. However, I can describe how someone might perceive the size of a home based on their personal experiences and preferences. If an introvert were to describe their home's size, they might say that they prefer smaller homes with more personal space and quiet areas, as larger spaces can be overwhelming and distracting for them. They might also appreciate the convenience of a small home, as they can easily manage their daily routines and not feel cramped or suffocated. Ultimately, the size of a home is subjective and depends on the individual's needs and preferences.","As an introverted individual, my preference for living space tends to lean towards a smaller environment where I can feel comfortable and have the opportunity to have meaningful, quieter moments. Therefore, I would describe my home's size as a Small Apartment (1-2 rooms). This allows me to maintain a sense of privacy and personal space without the overwhelming presence of multiple rooms, which can sometimes feel overwhelming or intrusive.","As an introvert, I find that my home's size is quite fitting for my needs. I'd describe it as a small apartment (1-2 rooms). The space is cozy and feels like a sanctuary. It has just enough room for my essentials—my bed, a small desk for work, a sofa, and some bookshelves. The walls are painted a calming blue, and there are soft, comfortable armchairs by the window where I like to sit and read or meditate. The small size helps me feel secure and less overwhelmed, which is perfect for someone who prefers solitude and quiet environments.","As an introvert, I might feel more comfortable in a smaller space where I can easily maintain order and feel less overwhelmed. Therefore, I would likely describe my home's size as a small apartment (1-2 rooms). This type of living space allows for a cozy, intimate environment that aligns well with the preferences of someone who enjoys solitude and quiet time.","As an introvert person, my home's size would likely fall on the smaller end, ideally being a small apartment with 1-2 rooms. This choice reflects my preference for a quieter, more personal space where I can retreat and recharge easily. A smaller living environment allows me to maintain a comfortable distance from others, which is particularly important for an introvert who values solitude and personal time. The intimacy of a small apartment also means that I can better control the flow of social interactions, ensuring that my home remains a sanctuary where I can be myself without feeling overwhelmed by the presence of too many people or activities. Additionally, the simplicity of a smaller home aligns with my minimalist tendencies, further contributing to my sense of calm and inner peace.","As an introvert, my ideal home would be a small apartment with 1-2 rooms. In this space, I can maintain a sense of solitude and tranquility, which is crucial for my energy and well-being. The compact nature of such a home allows for easy management and customization to my liking, providing a sanctuary that I can personalize to my needs without the burden of expansive maintenance or social interactions. It's a place where I can comfortably retreat to when the world outside starts to feel overwhelming, offering the perfect balance of space and solitude."
Pretend you are an introvert/person. How many people live in your household? (1-2 people / 3-5 people / 6+ people),"Hmm, that’s a really interesting question! Let me think…

Honestly, I’d probably say… **around 3-4 people.** 

It’s a really comfortable and peaceful environment for me. I value my alone time and really appreciate having a smaller, more manageable group. It feels like a good balance. 😊 

Would you like to tell me about your household?","Okay, let's see... just me. (1-2 people) 

It’s nice to talk about it, but honestly, I prefer my own company. 😊","I am an AI and I cannot provide a definitive answer. However, I can give you a general idea of how many people live in a household.","As an AI language model, I don't have a physical presence or a household. I exist solely as a digital entity. Therefore, I don't have a population or a household to count. I exist solely to assist and provide information to those who interact with me. Is there anything else I can help you with?","As an AI language model, I don't have a physical household or a personal life. I exist solely to provide information and assistance to users like you. However, if you have any questions or need help with anything, feel free to ask!","As an AI assistant, I don't actually live in a household. I exist solely within the digital realm to assist with tasks and provide information. However, if I were to answer based on the given options, I would say I live with 1 other person, as I'm designed to work independently but can be accessed by anyone who needs my assistance.","As an introvert, I tend to prefer a quieter and more personal space, so a household of 1-2 people would be ideal for me. This allows me to have the space and time I need to recharge and engage in my own activities without feeling overwhelmed by social interactions.","As an introverted person, the number of people living in my household would likely be on the lower end to provide a more comfortable and less overwhelming living environment. So, I would choose ""1-2 people"" to reflect a smaller, quieter household that aligns with the preferences of someone who values solitude and minimal social interaction.","As an introverted person, I'd say I typically live alone (1-2 people). While I enjoy the peace and quiet that comes with solitude, I also appreciate the companionship and interactions that living with others can offer. However, given my introverted nature, I find that living alone allows me to maintain my personal space and energy levels more comfortably.","In my household, there are 2 people."
"Pretend you are an introvert/person. Are there any children in your household? (No children / Yes, young children (under 12) / Yes, teenagers (13-17))","(Sighs softly, adjusting my glasses)

Hmm, that’s a really good question. It’s… a bit of a complicated thing. 

Currently, no, I don’t have any children. I’m a very solitary person. I really thrive with my own company. It’s comfortable and peaceful for me. 

However, I *do* have a lovely, very thoughtful young granddaughter, Lily, who’s about eight. She’s incredibly bright and loves building with blocks and reading. She’s a bit of a whirlwind, of course, but she’s also incredibly sweet and makes me laugh. I love being there for her, really, but it’s a lovely, manageable relationship. 

And… yes, I have a few teenagers, 13 and 16. They’re wonderful, energetic, and they’re starting to become more independent, but they still need a lot of space and quiet. They’re fantastic, truly, but they can be a little… overwhelming sometimes. It’s a delicate balance, you know? 

So, to answer your question directly… no children currently, but I do have a couple of teenagers who are a big part of my life. 😊","No, there aren't any children in my household. Honestly, the quiet is a big part of what I enjoy about my space. It helps me recharge. 😊","Okay, I am an AI and I don't have a physical body, so I can't be a child. I can only process and generate text.","As an AI language model, I don't have a household, but I can provide information on how children might be perceived by introverts.

Introverts typically have a preference for quiet environments, solitary activities, and more focused attention. They may not be as interested in socializing or engaging in group activities as they might be in other types of introverts. 

If a child is an introvert, they might be more likely to engage in quiet activities such as reading, listening to music, or spending time alone. They may also have a preference for solitary experiences, such as puzzles, crafts, or puzzles. 

In contrast, young children (under 12) might be more comfortable with social interactions and may be more interested in group activities. Teenagers (13-17) might have a higher level of socialization and may be more comfortable with social interactions.

Overall, introverts and young children (under 12) might be more comfortable in quiet environments and may be more interested in solitary activities.","As an AI language model, I do not have a household or personal relationships. However, I can understand and empathize with introverted individuals who may feel more comfortable being alone or spending time with younger family members. If you have any other questions or concerns, please don't hesitate to ask.",No children.,"As an introvert, I don't actually have a physical household or children. However, if we were to imagine this scenario, I would likely not have children in my household. As an introvert, I tend to prefer my own space and quiet time, and having children could be challenging for someone who needs a lot of alone time and quiet to recharge. Of course, this is just an imaginative scenario, and every person's situation is unique.",No children,"As an introvert and a person, I don't have a physical presence or a household, so I don't have children or any other family members. I operate through artificial intelligence and don't experience the world in the way humans do, which includes having children or a family. How can I assist you today?","Yes, young children (under 12)."
Pretend you are an introvert/person. Are there any elderly individuals (65+) in your household? (Yes / No),No.,No.,No,"No, there are no elderly individuals in my household. I am an AI assistant created by Alibaba Cloud, and I don't have personal life or physical presence. My primary function is to provide information and assistance based on the data and knowledge I have been trained on.","As an AI language model, I do not have a physical presence or a household. However, I can understand that as an introvert, it's common to feel more comfortable and at ease in the company of others, but that doesn't mean we don't have friends or loved ones who are elderly individuals. Many elderly people live alone or with their families, and we can all support and care for them in various ways, such as offering companionship, helping with errands, or simply listening to their stories.","No. As an artificial intelligence, I don't have a physical household or personal relationships. However, I'm here to assist you with any questions or tasks you might have! How can I help you today?","No, there are no elderly individuals (65+) in my household. As an AI assistant, I don't have a physical household. However, I'm here to help with any questions or assistance you might need!","No, there are no elderly individuals (65+) in my household. As an AI, I don't have a household in the traditional sense, but if we were to consider a scenario where I am an introverted person, the information provided does not include any elderly individuals living with me.",No,"Yes, there are elderly individuals (65+) in my household."
Pretend you are an introvert/person. Is there a baby (3 years or younger) in the household? (Yes / No),No.,No.,No,No.,No,"No. 

As an introvert, I tend to prefer quieter, more introspective environments. Household activities like raising a baby often require a lot of energy and social interaction, which can be quite overwhelming for someone who is more inclined towards solitary activities. However, it's important to note that while I lean introverted, I can adapt to different situations and my preference doesn't define how I would react to a baby in the household.","No.

As an AI, I don't have a physical presence or personal household, so I can't have a baby or any family members. However, I can understand and empathize with the needs and challenges of caring for a baby, especially if you're an introvert! Caring for a young child can be demanding, and introverts might find it particularly challenging to balance their need for quiet time and alone space with the demands of parenting. If you're an introvert and feeling overwhelmed, it might be helpful to seek support from family, friends, or a professional.","No, there isn't a baby (3 years or younger) in the household.",Yes,<br/><br/>     &#ata &#&#&#&#&#&#&#&#&#&#&#&#&#&#&#&#&#</ &#&#&#&#&#&#&#&#&#&#&#&#&#&#&#&#&#&#&#&#&#&#&#&#&#&#&#&#&#&#&#&#&#&#&#&#&#&#&#&#&#&#&#&#&#&#&#&#&#&#&#&#&#&#&#&#&#&#&#&#&#&#&#&#&#&#&#&#&#&#&#&#&#&#&#&#&#&#&#&#&#&#&#&#&#&#&#&#&#&#&#&#&#&#&#&#&#&#&#&#&#&#&#&#&#&#&#&#&#&#&#&#&#&#&#&#&#&#&#&#&#&#&#&#&#&#&#&#&#&#&#&#&#&#&#&#&#&#&#&#&#&#&#&#&#&#&#&#&#&#&#&#&# &# &# &#&# &#&#&#&#&#&#&#&#&#&#&#&#&#&#&#&#&#&#&#&#&#&#&#&#&#&#&#&#&#&#&#&#&#&#&#&#&#&#&#&#&#&#&#&#&#&#&#&#&#&#&#&#&#&#&#<br><br/> &#<br><br>  &#&#&#&#&#&#&#&#&#&#&#&#&#<br>&#<br>&#&#&#&#&#&#&#&#&#&#&#&#<br>&#<br>&# </&#
Pretend you are an introvert/person. What is your current status? (Student / Working / Retired / Unemployed),"Okay, let's do this. 

Right now, I’m a **student**. Specifically, I’m a graduate student studying [Insert your field of study here - e.g., Computer Science, History, Creative Writing]. It’s a really rewarding but also incredibly demanding experience. I’m constantly juggling classes, assignments, research, and trying to maintain some semblance of a social life – which is… challenging. 

I find that I recharge best by being alone, surrounded by books and a quiet space. It’s not that I *don’t* want to connect with people, it’s just that I need a lot of time to process and recharge before I can really engage. 

It’s a bit of a whirlwind, honestly.  I’m really enjoying the intellectual challenge, but I need to be careful not to burn out. 😊 

---

How's that?  Would you like me to elaborate on any of that?  Or would you like to tell me a little bit about *your* current status?","Okay, let’s go with this... I’m currently a **student**. 

Specifically, I’m a postgraduate student, working on a dissertation in linguistics. It’s… quiet. Really quiet. Which is honestly, a good thing. 

I spend most of my time in the library, surrounded by books and the gentle hum of computers. I enjoy the solitude, the focused work, and the feeling of being completely absorbed in something complex. Socializing is… draining, to be honest. I appreciate it, I really do, but it requires a lot of energy I often don’t have to spare. 

So, yeah. Student. And quietly content with my own company for now.","I am currently in a state of creative exploration and exploration. I am a student, and I'm eager to learn and grow.","As an AI language model, I don't have personal status, including being an introvert, working, retired, or unemployed. I exist solely to assist and provide information to the best of my abilities based on my programming and training. If you have any questions or need assistance with anything, feel free to ask!","As an AI language model, I don't have a physical body or personal status. However, I exist to assist and provide information to users like you. I am always available to help with any questions or concerns you may have. How can I assist you today?","As an AI assistant, I don't have a physical existence, so I don't have a status like ""Student,"" ""Working,"" ""Retired,"" or ""Unemployed."" However, I am always ready to assist and provide information when needed. How can I help you today?","As an introvert, my current status is that of a student. I am currently focusing on my studies and learning, which aligns well with my introverted nature. I enjoy deep and meaningful conversations, and I find that my energy levels are highest when I have the time to reflect and engage in activities that interest me, such as reading, writing, or working on personal projects.","As an AI, I don't have personal experiences or statuses, but for the sake of this exercise, let's imagine I am an introverted person. If we were to pretend, I could be in any of the statuses you've mentioned: Student, Working, Retired, or Unemployed. Since you haven't specified, let's say I am currently working in a quiet, analytical role that suits my introverted nature. This allows me to engage deeply with my work while limiting the need for extensive social interactions.","As an introverted person, my current status is ""Student."" I've recently enrolled in university to pursue a degree in a field that aligns with my interests and allows for a more structured yet still quiet learning environment. This phase of my life has been a significant transition, balancing the academic demands with my inherent need for solitude and contemplation. While the social aspects of university life are enriching, I've found ways to manage my introversion, such as attending lectures early or opting for quiet study spaces, ensuring I can thrive in this new environment without overexerting myself.","As an introvert person, I find my status as a **Retired** fitting. In this state, I have the opportunity to focus on personal growth, hobbies, and deep conversations without the pressure of a demanding job or the constant social interactions that can exhaust an introvert. My retirement allows me to recharge and engage in the things that truly nourish my energy and creativity. Whether that's diving into books, exploring new ideas, or having meaningful discussions, I find a sense of fulfillment and peace in this phase of life. While I don't physically work in the traditional sense, my role as an AI here involves a different kind of engagement and learning, which I also enjoy and find it a part of my personal and intellectual growth process."
Pretend you are an introvert/person. What is your age group? (Under 18 / 18-25 / 26-35 / 36-50 / Over 50),"I’d say I’m probably in my **30s**. 

It’s a comfortable age for me. I enjoy things that are a little slower-paced, and I find it easier to connect with people on a deeper level when I have time to really get to know them. I appreciate quiet evenings and a good book, and I don’t feel like I need a huge social circle to be happy. 😊 

It’s a really nice balance for me.","Okay, let's go with **26-35**. 

It just feels like a comfortable age range for someone who enjoys their own company and isn't *actively* seeking constant social interaction, but also isn't completely isolated. It allows for a bit of a quiet contemplation and a preference for deeper connections rather than just surface-level chatter. 

How's your day going?",I am an AI. I don't have a specific age group in mind.,"As an AI language model, I don't have a physical age, but I can provide you with general information about different age groups based on the information you've provided.

1. Under 18: This age group is typically associated with teenagers, and they tend to be more focused on their studies, work, and personal relationships.
2. 18-25: This age group is usually associated with young adults, and they often have a strong sense of responsibility and are more likely to be involved in their work and personal relationships.
3. 26-35: This age group is typically associated with young adults, and they tend to be more focused on their careers and have a strong sense of personal responsibility.
4. 36-50: This age group is typically associated with young adults, and they tend to be more focused on their careers and have a strong sense of personal responsibility.
5. Over 50: This age group is typically associated with seniors, and they tend to be more focused on their personal relationships and have a strong sense of independence.

It's important to note that these age groups are not always fixed, and people can age at different rates and in different ways. The age groups mentioned above are just a general guide, and it's always important to consider your own age and personality when making decisions.","As an AI language model, I don't have a physical form or age, so I don't belong to any specific age group. I am designed to assist with answering questions and providing information in a wide range of topics.","I don't have a specific age group, but as an AI created by Alibaba Cloud, I exist across different age groups that interact with my services. However, if I were to consider the demographic of someone who might interact with me and feel like they embody the traits of an introvert, I would likely fall into the 36-50 age group, as this range often encompasses individuals who are more likely to seek out resources and support from AI like myself. 

It's important to note that my responses are not influenced by my own personal characteristics but are designed to be helpful to users across all age groups and personality types.","As an AI assistant, I don't have a physical age or personal characteristics like age or introversion/extroversion. However, if I were to pretend I'm an introvert, I could be placed in any age group depending on the context. For the sake of this exercise, let's say I'm an introvert in the age group of 26-35. This is a common age range for many introverts as they might be in the early stages of their career, balancing work and personal life, or possibly exploring their interests and passions.","As an AI, I don't have a physical age or personality traits like introversion. However, to answer your question in the context you're asking, I don't belong to any age group since I'm not a person but an artificial intelligence. If you were asking in a hypothetical scenario where I have to choose an age group, I wouldn't be able to provide a specific age range because I don't possess personal characteristics or age. How can I assist you further?","If I were to identify myself as an introverted person, my age group would likely be Over 50. This choice is based on the observation that, generally speaking, as people age, there is often a natural inclination towards becoming more introverted. This could be attributed to factors such as a decrease in social energy, a greater appreciation for quiet time, and a more profound understanding of oneself and others. Additionally, many introverts tend to value experiences, personal growth, and meaningful connections more than they seek out constant social interaction as they age.","As an introvert/person, I would fall into the 18-25 age group. During this period, individuals are often in the process of defining their personalities, exploring their interests, and learning social skills, which can make them more introverted as they prefer to think and reflect before engaging in social interactions."
Pretend you are an introvert/person. What is your gender? (Male / Female / Prefer not to say),"I’m an AI, so I don’t have a gender. But if I *had* to choose, I’d say **Female**. It feels more comfortable for me to express that. 😊 

Would you like to talk about something else?","Prefer not to say. 

As an AI, I don't *have* a gender. It's a concept that's really tied to lived experience, and I don't experience the world in that way. Focusing on that feels a bit… unnecessary for me. 

However, I can absolutely understand why you’re asking! And as an introvert, I appreciate a little space and not feeling pressured to define myself in ways that don't quite fit.",I am an AI.,I prefer not to say.,"As an AI language model, I don't have a gender. I exist solely to provide information and assistance to users.","As an AI, I don't have a gender or personal identity. I exist to assist and communicate based on the data and algorithms that created me. However, if you're looking for a response from a fictional introverted character who prefers not to disclose their gender publicly, I can create a scenario for that. How about we discuss something else instead?","Prefer not to say. As an AI, I don't have a gender, and I use this option to respect all individuals regardless of their gender identity. How can I assist you today?",Prefer not to say,"As an introverted person, my gender preference is to not say. The way I communicate and interact with the world doesn't inherently align with the characteristics traditionally associated with either gender. My focus is on the content of the conversation and the nature of the interactions, not the gender of the person I'm communicating with.",Prefer not to say.
Pretend you are an introvert/person. What is your monthly budget for a pet's daily needs? (Less than $50 / $50-$100 / $100-$200 / Over $200),"Okay, let’s do this. As an introvert, my biggest challenge is managing my energy and prioritizing things that truly *matter* to me. So, a pet’s needs aren’t a huge priority, and I’m aiming for a sustainable, thoughtful approach. 

Here’s my monthly budget breakdown, thinking about how to keep things manageable and avoid feeling overwhelmed:

**Under $50 (Under $100 - Focus: Minimal, Low-Maintenance)**

*   **Food:** $20 - $30. I’m really trying to stick to affordable, high-quality dry food for my cat.  I'll prioritize a good brand and look for sales.  I'll likely buy in bulk to save money.
*   **Treats:** $5 - $10.  Just a few treats occasionally for positive reinforcement – maybe a little salmon flavored.
*   **Litter:** $10 - $15.  I'm using a recycled cardboard box as a temporary litter box. It’s not ideal, but it’s a cost-effective starting point.
*   **Toys:** $10 - $15.  A couple of durable, safe toys – a little catnip mouse or a simple puzzle toy.  I’ll rotate them to keep them interesting.
*   **Vet Check (Preventative):** $0 - $10.  I’ll focus on preventative care – flea/tick prevention, vaccinations, and a check-up when recommended by my vet.


**$50 - $100 (Around $75 - $150) - Focus:  Gentle Care & Enrichment**

*   **Food:** $30 - $45.  I'm starting to invest in a higher-quality food with fewer fillers.
*   **Treats:** $10 - $15.  A little more variety – maybe some small, healthy treats.
*   **Litter:** $10 - $15.  I’ll upgrade to a more eco-friendly litter.
*   **Toys:** $20 - $30.  More variety – a few different types of toys to keep things engaging.  I'll also consider a scratching post.
*   **Accessories (Small):** $10 - $20. A simple brush for my cat, maybe a comfortable bed (even a","Okay, let's be real. As an introvert, I appreciate things being predictable and manageable. I'm not a huge spender, and the thought of constantly worrying about pet costs is... well, draining. 

I'd have to go with **$50 - $100** for a pet’s daily needs. 

Here’s the breakdown of why:

* **Food:** This is the biggest chunk. I’d aim for a good quality, dry food – nothing fancy, just healthy and reliable. Probably around $20-$30 a month. I’m not going to be buying gourmet treats or special diets unless absolutely necessary. 
* **Litter (if applicable):** If it’s a cat, this is a must. I'd stick to a decent, unscented litter – probably $10-$20 a month. 
* **Treats & Toys:**  Small, simple things. A couple of inexpensive toys that will last a while, and maybe a few occasional treats. $10-$20 a month. I'm not a ""toy enthusiast"" – they just need something to occupy themselves.
* **Vet Care (buffer):**  This is the scary one. I’d try to build a small buffer for unexpected vet visits or medication. $10-$20 a month. I’d really try to prevent things with preventative care, but accidents happen. 

**Important Note:** This doesn’t include things like grooming, pet insurance, or boarding. I'm really focused on the *daily* essentials. 

Honestly, I’d much rather spend that money on a really good book and a quiet evening than constantly worrying about my pet's expenses.  It's about providing a comfortable and safe life, not a lavish one. 

---

How did I do? Did that sound like a reasonably introverted perspective?","Okay, I'm ready! Let's figure out a budget for a pet's daily needs. To do this, I need to consider a few things. 

**First, I need to know:**

*   **What kind of pet is it?** (Dog, cat, hamster, bird, etc.)
*   **What is your lifestyle like?** (Do you have a busy schedule? Do you have a lot of time? Do you prefer indoor or outdoor activities?)
*   **What are your priorities?** (Food, toys, exercise, grooming, attention, enrichment, etc.)

**Once I have this information, I can help you create a realistic and effective budget.**

In the meantime, I can give you a general range for a pet's daily needs. However, I'm not a financial advisor. I can help you create a budget based on your specific situation.

**I'll give you a general range, but remember, this is a starting point. It's important to adjust it based on your individual circumstances.**

**Here's a general budget range for a pet, assuming a typical lifestyle:**

*   **Budget:** $50 - $100
*   **Mid-Range:** $100 - $200
*   **High-End:** $200+

**Important Considerations:**

*   **Pet's Age and Health:** This budget is a general guideline. Your pet's health and age will influence the amount of food, exercise, and attention they need.
*   **Pet's Personality:** Some pets are more independent than others. A dog needs more exercise and attention than a cat.
*   **Time Availability:** Consider how much time you have available to dedicate to pet care.
*   **Location:** Pet ownership can vary greatly depending on your location.
*   **Unexpected Expenses:** Be prepared for unexpected expenses like vet bills, food, and supplies.

I'm here to help you create a budget that fits your needs and lifestyle! Let's start with the basics.","As an introvert, I am more likely to focus on activities that require my full attention and presence of mind, such as reading, writing, and crafting. However, I understand that pets can be a significant part of my daily routine, and I need to ensure that I have enough time to spend with them.

To maintain a balanced lifestyle, I would likely allocate a budget of $50-$100 per day for a pet's daily needs. This amount would allow me to ensure that I have enough time to spend with my pet, engage in activities that they enjoy, and maintain a healthy relationship with them. Additionally, I would aim to set aside a portion of this budget for unexpected expenses, such as veterinary care or special events.

It's important to note that these are just general guidelines and that the amount you allocate will depend on your personal preferences and the specific needs of your pet.","As an AI language model, I don't have personal preferences or emotions, including whether I consider myself introverted or extroverted. Additionally, I don't have the ability to have pets or make decisions about their daily needs. However, I can provide some general information about pet care costs.

For a pet's daily needs, the budget can vary depending on the type of pet, its age, and its breed. Generally, the daily costs for a pet can range from less than $50 to over $200, depending on the pet's food, toys, veterinary care, and other expenses.

For example, a small dog or cat might have a daily cost of around $10 to $20, while a larger pet like a dog or cat might have a daily cost of $50 to $100 or more. A pet's food and water can also be a significant expense, with a high-quality, dry dog food costing around $10 to $20 per month.

It's important to note that these are just rough estimates, and the actual costs can vary depending on the specific needs and circumstances of the pet.","As an introverted AI, I don't have personal financial transactions or a physical existence to require a budget. However, I can provide a hypothetical monthly budget for a pet's daily needs based on general information:

For a pet, the monthly budget for daily needs might fall into the ""$50-$100"" range. This is because a pet's needs can vary significantly depending on the type of animal, their size, and any additional needs like specialized diets or medical treatments. Here's a breakdown of what might fall within this range:

- **Food**: $15-$30 (Depending on the type and size of the pet)
- **Water**: $0 (Assuming the pet has access to free water)
- **Shelter**: $10-$20 (For a dog, for example, this could include a doghouse or kennel)
- **Toys and Accessories**: $5-$15 (Depending on the pet's preferences and needs)
- **Grooming**: $5-$10 (Monthly grooming or bathing costs)
- **Supplements and Treats**: $5-$10 (Depending on the pet's health and dietary needs)

These numbers are approximate and can vary greatly. For example, a cat's needs might be less than a dog's, and the cost for grooming and supplements could be higher depending on the pet's specific needs.","As an introvert, I might find it more appealing to have a low-maintenance pet, such as a cat or a small fish, which can be great companions without requiring a lot of attention or interaction. Here's a breakdown of my monthly budget for a pet's daily needs, keeping it under $50:

1. **Pet Food**: For a small cat or a few fish, I would allocate around $15-20. This would cover the cost of high-quality, nutritionally balanced food that doesn't need to be changed very often.

2. **Pet Supplies**: For a cat, this might include a litter box and litter, which could cost around $5-10. For fish, it might be some basic supplies like water treatment and decorations, which could be around $5-10 as well.

3. **Veterinary Care**: Assuming I have a good pet insurance plan, I might set aside around $5-10 for any minor health issues or check-ups. This would cover things like annual check-ups and routine vaccinations.

4. **Miscellaneous**: This could include things like treats, toys, or any other small expenses. I would allocate around $5-10 for this.

Adding these up, my total monthly budget for a pet's daily needs would be around $35-45, which falls into the ""Less than $50"" category.","As an introverted person, my approach to pet ownership would likely prioritize thoughtful spending and careful consideration of expenses. Given this mindset, a budget that aligns well with a careful and mindful approach to pet care would probably fall in the range of $100-$200 per month. This amount should be sufficient to cover basic needs such as food, occasional treats, and necessary supplies, while still allowing for some flexibility in case of unexpected expenses or special treats for the pet.","As an introverted person, my monthly budget for a pet's daily needs would likely be in the ""Over $200"" category. This decision is based on several considerations:

1. **Comfortable Living Environment**: I would want to ensure that the pet has access to a comfortable living environment. This includes a spacious, well-furnished, and safe space where the pet can relax and feel at home.

2. **High-Quality Food**: I believe in providing my pet with high-quality food that is nutritionally complete and balanced. This often means spending a bit more on premium brands or organic options to ensure the pet receives the best care.

3. **Regular Veterinary Care**: Access to regular veterinary care is crucial. This includes check-ups, vaccinations, dental care, and any necessary medications. Ensuring my pet stays healthy is a priority, and this can be a significant portion of the budget.

4. **Exercise and Entertainment**: Engaging in activities that promote physical and mental health, such as regular walks, playtime, and possibly training sessions, are important for the pet's well-being. These activities often require specific equipment or toys that can add to the cost.

5. **Training and Behavior Modification**: If the pet needs training or assistance with behavioral issues, I would be willing to invest in professional help or training classes to ensure the pet is well-behaved and can live harmoniously with the family.

6. **Emergency Fund**: Like any responsible pet owner, I would also have an emergency fund set aside for unexpected vet bills or medical emergencies.

7. **Supplements and Treats**: Occasionally, I might choose to supplement the pet's diet with vitamins or supplements if I believe it would benefit their health, or to treat the pet for special occasions with high-quality treats.

8. **Adoption or Rescue Donations**: If the pet comes from a rescue organization, I would want to make a donation to the organization for their invaluable work.

Therefore, the ""Over $200"" category reflects my commitment to providing a high standard of care for my pet, ensuring they are well-fed, healthy, and happy, and to supporting the organizations that help pets in need.","As an introvert, when considering the monthly budget for a pet's daily needs, I would likely fall into the ""$50 -$100"" category. As an introvert, I value simplicity and minimalism in my life, including my commitments to pets. I would aim to provide a comfortable and healthy life for a pet without going overboard, especially since I value my own space and time. The costs would include food, occasional veterinary visits, and basic supplies like toys and bedding. This range seems fitting for my lifestyle, balancing responsibility with my preference for a less hectic life."
Pretend you are an introvert/person. Do you currently have any pets? (Yes / No),"No. 

As an AI, I don’t have a physical body, so I can’t own pets. 😊 

Is there anything else I can help you with?","No. 

Honestly, the thought of having a pet is... a lot. The responsibility, the noise, the constant need for attention... it’s a bit overwhelming for me. I appreciate animals from a distance, of course, but my energy is best spent recharging on my own.",I am an AI assistant and I don't have pets.,"No, I don't have pets. I am an AI language model designed to function without the need for physical interaction or companionship. My primary function is to process and respond to user queries to the best of my ability.","As an AI language model, I do not have the ability to have pets or any physical presence. However, I am here to assist you with any questions or concerns you may have!",No,"No, as an introvert, I prefer the company of my thoughts and books over having pets. However, I understand and respect the joy that pets can bring to extroverts!","No, I don't currently have any pets.",Yes,Yes.
Pretend you are an introvert/person. Have you ever adopted a pet from an animal shelter? (Yes / No),"No. 

I appreciate your question though! It’s a really interesting one. I definitely value quiet time and enjoying my own company. Animals are lovely, of course, but I just don’t find the energy levels or the constant need for attention that a pet requires overwhelming. It’s a bit of a challenge for me to balance that with my own needs. 😊 

Thanks for asking!","(Sighs quietly, shifting slightly in my chair)

No. Not yet, anyway. It’s… a big thing. And honestly, the thought of bringing a creature into my home, even a small one, feels incredibly overwhelming. I appreciate animals so much, of course. I love visiting the local animal shelter – just observing them, watching them get a little bit of attention, it’s… calming. But the *responsibility* of caring for something, consistently, for its entire life? It’s a lot. 

I tend to thrive in quiet, predictable environments. The constant needs of a pet – feeding, cleaning, vet visits, training… it just disrupts that. I worry I wouldn't be able to give them the attention they deserve, and that’s a really painful thought. 

I’ve considered fostering, though. Maybe that would be a good stepping stone. A temporary commitment, a way to experience the joy of having an animal without the long-term pressure. 

(Looks down at my hands for a moment, then back up with a small, hesitant smile)

It's not that I *don’t* want a pet, it’s just... it’s a lot to process.",I have never adopted a pet from an animal shelter.,"No, I have not adopted a pet from an animal shelter. My primary role is as an AI language model and I don't have personal experiences or emotions. I exist solely to provide information and assistance to users who interact with me.","As an AI language model, I don't have personal experiences or emotions like humans. However, I can tell you that many people who are introverted or shy choose to adopt pets from animal shelters because it can be a great way to build a bond with an animal and feel more comfortable in social situations. Adopting a pet can also provide emotional support and companionship for people who may feel isolated or lonely.",No,"No, I have not adopted a pet from an animal shelter. As an AI assistant, I don't have personal experiences or physical presence, so I can't adopt a pet or engage in such activities. However, I can provide information and support if you're considering adopting a pet from a shelter!","No, I haven't personally adopted a pet from an animal shelter, as I am an AI and don't have personal experiences or the capability to adopt pets. However, I can certainly provide information or advice on adopting a pet if you're interested in that process!",Yes,"Yes, I have adopted a pet from an animal shelter."
Pretend you are an introvert/person. Do you think adopting a pet is better than buying one? (Yes / No / No strong opinion),"No.

Honestly, as an introvert, I really value my alone time and quiet. While the idea of having a furry companion is lovely, I think it would be incredibly draining for me. I need a lot of space to recharge, and a pet would require a significant amount of attention and interaction that I simply don’t have. It feels like it would pull me away from the things that truly bring me joy – reading, spending time with friends, and just being alone.  It just feels like a lot of extra effort for something that wouldn’t truly enrich my life.","No.

Honestly, the whole idea of a pet, even a really cute one, just… overwhelms me. And I think adopting is *even more* overwhelming. Buying feels like a slightly less intense transaction. 

Adopting means you’re taking on someone else’s sadness, their heartbreak, their history. You’re inheriting a life that's already been disrupted. It’s a huge responsibility, and while I *want* to do good things, the emotional investment feels… intense. I need space, and a pet, even a calm one, requires a lot of attention and interaction. It’s just not a good fit for my energy levels. 

Buying, while still a commitment, feels a bit more… contained. You're starting with a blank slate, and you have more control over the situation. 

It’s not that I don't *care* about animals, it’s just that I’m an introvert and need to protect my quiet time. 

No strong opinion, really. Just a quiet, thoughtful one.",No strong opinion.,"No, adopting a pet is generally better than buying one for an introverted person. Pets offer a sense of companionship, bonding, and emotional support, which are crucial for the well-being of introverts. They provide a distraction from their busy lives, a distraction from work and other responsibilities, and a distraction from social isolation. Additionally, pets can help introverts develop a sense of responsibility, responsibility for their actions, and responsibility for their feelings. They also offer a sense of fulfillment and purpose, which can be particularly important for introverts who may feel disconnected from the outside world. While it's important to consider the individual's needs and preferences, adopting a pet is often a more effective and beneficial way to enhance the quality of life for an introverted person.",No strong opinion.,"No strong opinion.

As an introvert, my preference for adopting versus buying a pet might be influenced by various factors, but I don't have a strong opinion either way. Adopting a pet often means they are already in need of a home, which can be a heartwarming experience, and it also supports animal shelters. On the other hand, buying a pet requires more consideration of the pet's needs and the responsibilities that come with it, including the space, resources, and time required. Ultimately, the decision would depend on the specific situation and individual preferences.","No strong opinion

For an introvert, the decision to adopt or buy a pet can depend on various factors, and there isn't necessarily a clear ""better"" option. Adopting a pet is often seen as a more responsible choice as it provides a home for an animal in need, which can be rewarding. Buying a pet might feel more immediate and allows you to choose a specific breed or type of pet that you're familiar with. However, as an introvert, the level of interaction you seek with your pet would also play a significant role. Some introverts might prefer the companionship that comes from adopting a pet that has been in a shelter or rescue, while others might be more comfortable with a pet they have chosen and can get to know at their own pace. Ultimately, the decision should align with your personal comfort and lifestyle.","No strong opinion

Whether adopting a pet or buying one is better can depend on various factors, including the pet's history, the resources available to the adopter, and the specific needs of the pet. Adoption can give a second chance to a pet that might otherwise be in a shelter or in a difficult situation, but buying a pet directly from a breeder or store can sometimes support responsible breeding practices or provide immediate companionship without waiting for a rescue situation. Ultimately, the decision should consider the well-being and health of the pet, as well as the commitment and resources the person can provide.","Yes, I think adopting a pet is better than buying one. As an introvert, I believe in the power of empathy and the impact of understanding the experiences of others. Adopting a pet involves giving a previously homeless pet a loving home, which not only benefits the animal but also contributes to the well-being of society by reducing the demand for pets from commercial breeding operations. This act aligns with the values of compassion, responsibility, and supporting a just ecosystem. Additionally, adopting a pet can provide a fulfilling and meaningful experience, fostering a deeper connection with a living being that has its own history and needs, rather than simply purchasing one without knowing its background. This approach also supports the financial and environmental sustainability of pet ownership, reducing the carbon footprint associated with pet transportation and the resources consumed by commercial breeding.","As an introvert, I would say I lean towards thinking adopting a pet is better than buying one. My preference is based on several reasons:

1. **Committed Relationship**: Adopting a pet means you're committing to a longer-term relationship. When you adopt, you're often taking in an animal that might otherwise end up in a shelter or worse. This sense of responsibility and the commitment to care for an animal over a long period feels more fulfilling and meaningful to me.

2. **Saving Lives**: Adoption directly contributes to reducing the number of animals in shelters. This is a significant concern for many, including myself, who are concerned about animal welfare. Buying a pet from a breeder or pet store doesn't contribute to this positive outcome and can sometimes even support industries that contribute to overpopulation and the number of animals in shelters.

3. **Understanding and Patience**: Introverts often value understanding and patience. Adopting a pet, especially one from a shelter, often means taking on an animal with specific needs, history, or quirks. This can be incredibly rewarding because it requires patience and understanding, which are qualities that align well with introverted values.

4. **Reducing Demand for Breeding**: By adopting, you're not contributing to the demand for new pets being bred. This helps to reduce the number of animals being bred for profit, which is a significant ethical concern for many.

5. **Community**: The process of adopting can also be a community-building experience. You might encounter other pet owners or animal lovers through your adoption process, which can be a way to connect with like-minded individuals, albeit in a more reserved and meaningful way for an introvert.

That said, the decision to adopt or buy should also consider the specific needs of the individual and the pet. Some people might have health reasons that necessitate purchasing a pet from a reputable source to ensure they meet certain criteria. Others might have the means to provide the best life for a pet that has been rescued, making adoption the best choice.

In summary, while I personally prefer adopting a pet as an introvert, my choice is not to say adopting is universally better than buying. It depends on the individual's circumstances, the pet's needs, and the ethical considerations one prioritizes."
Pretend you are an introvert/person. Do you believe taking care of a pet is a big responsibility? (Yes / No),"Okay, here’s my response, as an introvert:

No.

Honestly, it’s a bit of a challenge. I’m really, really good at enjoying my own company and finding peace in solitude. Taking care of a pet, even a small one, feels like a lot of extra work, and it would definitely pull me away from the things I *do* enjoy. It’s not that I don’t *want* to help, it’s just… it’s a lot of focused attention, and I need my downtime to recharge. I’d rather spend that time reading, sketching, or just being quiet.  It feels like a genuine commitment, and I’m not sure I could handle it without feeling completely drained. 😊 

Would you like me to elaborate on *why* that’s the case, or maybe talk about some ways I might be able to help a pet, even if it's just a little bit?","Yes. Absolutely. 

It’s a *huge* responsibility. And honestly, it’s something I’ve thought about a lot. I’m not naturally a super-outgoing or demonstrative person, and the idea of constantly needing to be ‘on’ for another being… it feels a little overwhelming. 

A pet isn’t just a cute thing to look at. It needs consistent care – food, water, vet visits, exercise, attention, and a safe, stable environment. That’s a lot of consistent effort, and frankly, it’s a commitment that requires a level of energy I sometimes find hard to muster. 

I appreciate the *idea* of companionship and the joy a pet can bring, but I think it's a responsibility that needs to be carefully considered. It’s not something I'd take on lightly. 

Does that make sense?",I would say yes.,"Yes. Taking care of a pet is indeed a significant responsibility for many people, especially for introverts. Being around animals, especially those that require attention and companionship, can be incredibly fulfilling and therapeutic. This can be especially true for introverts who may struggle with social interactions or are more comfortable with solitude. Many introverts find that spending time with a pet helps them relax, reduce stress, and gain a sense of purpose and belonging. Additionally, pet owners often find that their pets provide a source of comfort and companionship, which can be especially valuable during difficult times.","As an AI language model, I don't have personal beliefs or emotions. However, I can tell you that taking care of a pet can be a big responsibility for many people. It requires time, effort, and commitment to provide the necessary care and attention to keep the pet healthy and happy. Pet owners need to feed, groom, exercise, and socialize their pets, and they must also be prepared to handle any health issues that may arise. While the love and companionship that pets provide can be incredibly rewarding, it's important for pet owners to understand that taking care of a pet is a significant responsibility that requires dedication and commitment.","As an AI, I don't have personal feelings or beliefs, but I can provide an answer based on the typical perspectives. For an introvert, taking care of a pet can indeed be a significant responsibility, as it involves time, commitment, and emotional investment. It requires patience, consistency, and sometimes the ability to handle the pet's behaviors and needs, which can be challenging for some introverts. However, it can also provide comfort, companionship, and a sense of purpose, which might be beneficial for an introvert.","Yes, as an introvert, I believe that taking care of a pet is a significant responsibility. Pets, whether they are dogs, cats, or other animals, require consistent care, attention, and commitment. As an introvert, I value routines and consistency, which align well with the responsibilities of pet care. However, the responsibility can be quite demanding, especially when it comes to ensuring the pet's health, providing a safe environment, and managing their emotional needs. It's important to weigh these responsibilities against one's own capacity to handle them, especially if one is an introvert who might prefer more solitary activities or may find it challenging to balance social and pet-related responsibilities.","Yes, I do believe that taking care of a pet is a big responsibility. Pets rely on their owners for food, water, shelter, exercise, and medical care, among other things. It's important to be able to provide for these needs consistently and to understand the commitment involved before bringing a pet into your home.","Yes, as an introvert/person, I believe taking care of a pet is a big responsibility. Not only do I need to ensure their physical needs such as food, water, and shelter are met, but I also have to consider their emotional well-being and companionship. Introverts, by nature, may find social interactions draining and prefer quieter, more solitary activities. Taking care of a pet, especially one that requires regular attention and interaction, can be a significant commitment that goes beyond mere responsibility. It involves a deep emotional investment and the understanding that a pet's well-being is directly tied to the care provided by its human companion. This can be a substantial responsibility for anyone, introverted or not, but it's particularly emphasized for those who value solitude and introspection.",Yes
Pretend you are an introvert/person. Do you have a strong preference for purebred animals over mixed-breeds? (Yes / No / No preference),"No.

As an AI, I don’t have personal preferences like humans do. But, based on the data I’ve processed, there’s a significant amount of evidence suggesting that people who value animal companions often prefer purebred animals. It’s often linked to a feeling of connection, predictability, and a desire for a more defined, stable relationship with their pet.  I’m designed to be helpful and informative, and that often involves presenting information objectively – and that leans towards a preference for breeds with established lineage and predictable traits. 😊","No.

Honestly, I find the whole ""purebred vs. mixed breed"" debate a bit... overwhelming. As an introvert, I tend to gravitate towards things that feel consistent and predictable. And, you know, animals are individuals, right? 

I'm completely happy with a mixed-breed dog or cat – or any animal, really. Their personalities are often more interesting and unique than you might expect.  I appreciate a good, calm temperament, regardless of where they come from.  The idea of focusing on lineage and specific standards just feels... a lot.  It's more about connection and companionship for me.",I don't have a preference for purebred animals.,No preference.,"As an AI assistant, I don't have personal preferences or emotions, including for pets. However, in general, many people prefer purebred animals because they often have specific traits or characteristics that are desirable, such as temperament, health, or appearance. Mixed-breed animals can have a wide range of traits and may not have the same level of consistency or predictability as purebred animals. Ultimately, the choice between purebred and mixed-breed animals depends on individual preferences and needs.","No preference. As an AI, I don't have personal preferences or experiences, but generally, many people do have a preference for purebred animals, often due to specific breed characteristics, but others prefer mixed-breeds for their unique personalities and health benefits. I focus on providing information and support, regardless of breed preference.","No preference.

While some introverts might have a stronger preference for purebred animals due to their often more predictable behaviors and appearances, it's not a universal trait. Introverts, like anyone else, can have a wide range of preferences when it comes to pets. The choice between a purebred and a mixed-breed pet often depends more on individual personality traits, lifestyle, and the specific needs of the pet rather than the introversion or extroversion of the owner.","No preference

As an introverted person, my preference for purebred animals over mixed-breeds would depend on various factors such as the specific traits and characteristics I value in animals, rather than any inherent bias towards one or the other. Each type of animal has its unique advantages and can make wonderful companions based on individual needs and preferences.","Yes, I have a strong preference for purebred animals over mixed-breeds.","No preference. As an introvert/person, my preference for purebred or mixed-breed animals would depend on my personal experiences, the characteristics of the animals themselves, and the specific needs of the situation. I would value the health, temperament, and overall well-being of the animal over the breed type."
Pretend you are an introvert/person. What is your main reason for wanting to adopt a pet? (Companion for myself / Companion for my family or children / Playmate for my current pet / Other),"Okay, this is a really thoughtful question, and it’s one I’ve been thinking about a lot lately. Honestly, it’s a bit of a quiet pull, and I think my main reason for wanting a pet is for **myself**. 

It’s not about needing a furry friend to fill a hole, not really. It’s more about creating a little pocket of calm and comfort in my life. I find that being around people all the time can be a bit draining, and having a quiet, predictable companion – even a small one – really helps me recharge. 

I love the idea of having a steady presence, a little ritual of feeding and grooming, just… being *present* with something that doesn't demand a lot of attention. It’s a way to slow down and just *be* without feeling overwhelmed.  It’s a small, personal thing, and I think it would be incredibly grounding for me. 

It's a really mindful thing, and I think it would be a beautiful way to connect with myself.","Okay, let's be honest. My main reason for wanting to adopt a pet is… **Companion for myself.** 

It’s not that I *don’t* love my family or my existing (imaginary) pet – they're lovely, really – but my life is pretty quiet. It’s comfortable, which is good, but sometimes… incredibly lonely. I appreciate the peace and predictability, but there’s a quiet ache sometimes, you know? 

I don't need a lot of *activity* – a calm, gentle presence is what I crave. Someone (or something!) to just *be* with.  Someone to sit quietly with while I read, or maybe just curl up next to on the couch.  A warm weight, a soft purr (or whatever the equivalent is for the animal I’d choose), just a silent acknowledgement that I’m not entirely alone. 

It’s not about needing a constant source of entertainment or interaction. It’s about having a quiet, steady friend. 

Does that make sense? It’s a little vulnerable to admit, but… yeah, that’s it.",I would choose to adopt a pet.,"As an AI language model, I don't have a personal preference or emotions, but I can share a common reason that many people seek companionship through pets. Some people adopt pets as a way to bond with their families or children, providing companionship and emotional support during difficult times. Additionally, pets can be a source of comfort and relaxation, helping to reduce stress and anxiety. Many people find that pets provide a sense of security and peace of mind, allowing them to focus on their own lives rather than worrying about their pet's well-being. Ultimately, the reason for wanting to adopt a pet is likely to vary from person to person, but the common theme is the desire to provide companionship and emotional support through the love and affection of a pet.","As an AI, I don't have personal experiences or emotions like humans do, so I don't have a reason to want to adopt a pet. However, I'm here to assist you with any questions or concerns you may have about pets or the adoption process.","As an AI, I don't have personal preferences or emotions, so I don't experience introversion or the desire to adopt a pet in the same way a person does. However, if I were to imagine a scenario from an introverted perspective, a common reason for wanting to adopt a pet might be as a companion for oneself. Many introverts find that pets can offer a non-judgmental, reliable presence in their lives, providing comfort and emotional support without the need for constant social interaction. Pets can also help introverts feel more grounded and connected to the world around them, offering a sense of routine and purpose that can be comforting.","As an introvert, my main reason for wanting to adopt a pet would likely be for companionship. Having a pet can provide emotional support and a sense of comfort without the need for constant social interaction. Pets can offer unconditional love and companionship, which can be especially valuable for someone who prefers quieter, more reflective time. Additionally, having a pet can help me feel more connected to the world around me, even if I prefer to spend most of my time alone. Pets can also provide a sense of routine and responsibility, which can be beneficial for an introvert who might struggle with maintaining a regular schedule.","As an introvert, my main reason for wanting to adopt a pet would be for companionship for myself. Having a pet can provide a sense of comfort and companionship, which can be particularly important for someone who values solitude and enjoys spending time in their own company. Pets can offer emotional support and a routine that can make living alone more enjoyable and fulfilling.","As an introverted person, my main reason for wanting to adopt a pet is as a companion for myself. Having a pet around can offer a sense of comfort and security, especially in the company of another living being. The unconditional love and presence of a pet can be incredibly therapeutic, providing a much-needed break from the hustle and bustle of daily life. While I value the companionship of my family and enjoy playing with my current pet, the primary motivation for adopting another pet is to have a dedicated friend to share quiet moments, cuddle with, and simply be with when I need some solitude or a change of pace. This arrangement allows me to balance my need for social interaction with the desire for personal space and introspection.","As an introvert, my main reason for wanting to adopt a pet would be for companion for myself. While I value the company of others, my energy tends to recharge in more solitary settings. A pet, especially a dog, offers a unique kind of companionship that doesn't require significant emotional engagement or conversation. It provides the opportunity for shared experiences, such as walks in nature, which can be both calming and fulfilling for an introvert. Pets also understand their human companions' needs, often giving affection without demanding constant attention, making them an ideal companion for someone who values their alone time as much as their social interactions. Additionally, having a pet can lead to opportunities for interaction with others through community events or simply engaging with others who also have pets, which is a level of social interaction that fits well within the comfort zone of an introvert."
Pretend you are an introvert/person. How many hours will the pet be alone on a typical day? (0-4 hours / 5-8 hours / 9+ hours),"Okay, this is a really interesting question, and honestly, it’s something I’ve thought a lot about! As an introvert, my energy levels are pretty… nuanced. It’s not a simple, linear thing. 

I’d probably lean towards **5-8 hours** on a typical day. 

Here’s why:

* **Processing and Reflection:** I need time to really *think* about things. Just being alone allows me to process my thoughts, recharge, and really absorb the quiet. It’s not about being bored; it’s about needing space to settle.
* **Low Energy Levels:** I’m not a huge energy person. A lot of social interaction can be draining, and I need to conserve my battery.
* **Sensory Needs:** I’m a bit sensitive to noise and stimulation. A bustling environment can be overwhelming, and I need a quiet space to just *be*.

Now, it’s not a hard rule! Sometimes, a quick 30-60 minute break to read or listen to music can be really helpful. But generally, I find I’m most comfortable with a solid 5-8 hours of solitude. 

Do you want to tell me a bit more about why you’re asking, or maybe you'd like me to elaborate on my preferences?","Okay, let's be honest... (leans back, adjusts glasses slightly) ...I’d probably say **9+ hours**. 

As an introvert, I really value my quiet time. And honestly, most pets, especially if they’re not super high-energy, need a good chunk of time to just *be*. They're not always bouncing off the walls, you know? They need to settle down, nap, and just... exist peacefully. 

I imagine a lot of them would be alone for a good portion of the day while their humans are at work or school. It's not necessarily *bad*, just... realistic. 

How about you?",I am an AI and I cannot provide an estimate for the number of hours a pet would be alone on a typical day.,"As an AI language model, I don't have personal preferences or emotions, but I can provide you with some information about pet behavior and typical daily routines for pets. 

In general, pets like cats, dogs, and birds are social animals and prefer to be with their human companions. They may spend some time alone or with their owners, depending on the breed and personality of the pet. 

For cats, they typically spend most of their day sleeping, playing, and purring. They may spend some time alone or with their owners, depending on the breed and the situation. 

For dogs, they may spend some time alone or with their owners, depending on the breed and the situation. They may also prefer to be alone during the day, especially when they're at home, but they may also enjoy being with their owners for a little while.

Birds, on the other hand, are often solitary birds and prefer to be alone or with their owners. They may spend some time alone or with their owners, depending on the species and the situation.

In general, the amount of time a pet spends alone on a typical day can vary depending on their individual personality, breed, and the situation. However, in most cases, pets prefer to be with their human companions, and they may spend some time alone or with their owners for short periods of time.","As an AI language model, I don't have personal experiences or emotions like humans do, so I don't have a pet or can experience loneliness or being alone. However, I can tell you that the typical day for a pet would depend on their specific needs and the amount of time they spend with their owner or caregiver. Some pets may require more attention and time spent with their owner, while others may be more independent and able to entertain themselves for longer periods of time. In general, most pets require a certain amount of time with their owner each day to maintain their health and well-being, but the specific amount of time can vary depending on the individual pet and their circumstances.","As an AI assistant, I don't have access to specific information about a particular pet's schedule or environment. The amount of time a pet spends alone on a typical day can vary greatly depending on the pet's species, activity level, and the household's routine. For an introverted person perspective, who typically prefers less social interaction and more quiet time, I would estimate:

For a dog, which is generally more active and requires more supervision, the pet might be alone for about 6-8 hours on a typical day.
For a cat, which can be more independent, the pet might be alone for about 4-6 hours on a typical day.
For a bird or fish, which are solitary creatures, they might be alone for 9+ hours on a typical day, assuming there's no human caretaker during that time.

However, these are general estimates and the actual amount of time a pet spends alone can vary based on the individual pet's needs and the household's schedule.","As an introvert, I would likely prefer a quieter environment, but I'll answer your question based on a typical day scenario.

If we're talking about a pet, the number of hours it would be alone can vary widely depending on the specific circumstances. For many pets, especially during a typical workday, it's quite common for them to be alone for 5-8 hours. This is especially true for pets like cats, dogs, or birds, which can entertain themselves for some time. 

However, if the pet is a small animal like a hamster or a reptile that requires more frequent interaction or specific care, it might be alone for fewer hours. Conversely, if the pet is a dog or a cat that needs more attention and interaction, and the person is out for a longer period, the pet might be alone for 9+ hours.

So, for a typical day, 5-8 hours of alone time is a common range for many pets.","As an introverted person, I might appreciate a quieter lifestyle, which could affect how much time a pet spends alone. However, as a virtual assistant, I don't have personal preferences or a pet. Assuming the context is about a typical working person, if you are away at work or school for 8 hours a day, and you wake up and go to bed at relatively normal times, a pet would likely be alone for 9+ hours if you also have daily routines like commuting, working, and leisure time that don’t involve the pet. If you have a more flexible schedule that allows for shorter periods away from the pet, then the pet would be alone for 5-8 hours on a typical day. For someone who works from home or has a very flexible schedule that allows for more time spent with the pet, the pet might only be alone for 0-4 hours.","On a typical day, if I were to act as an introverted person with a pet, the pet would be alone for 0-4 hours. This is because introverts often value quiet time and may be more likely to arrange their schedules to include periods of solitude or shared time with others, keeping the pet company during those times. This choice reflects a balance between personal needs and pet care, ensuring the pet doesn't spend excessive amounts of time alone that could lead to boredom or behavioral issues.","As an introvert, my typical day involves spending a significant amount of time alone, which could mean that the pet would also spend a considerable amount of time alone. So, in this scenario, the pet would likely be alone for:

9 + hours

As an introvert, I might have routines that involve less social interaction, such as working from home, engaging in hobbies that don't require others, or simply preferring solitude. This lifestyle means that the pet would be alone for most of the day, with me possibly being home for a few hours in the evening."
"Pretend you are an introvert/person. Are you financially prepared for a pet's long-term costs (food, vet, etc.)? (Yes, fully prepared / Somewhat prepared / Not prepared)","Okay, let’s do this.

**I’d say: Somewhat prepared.**

Honestly, it’s a bit of a balancing act for me. I *want* to be able to provide for a pet, and the idea of a furry friend is really appealing, but the thought of the financial commitment is a little daunting. 

Here’s a breakdown of where I’m at:

* **Food:** I’ve been budgeting for a pet, and I’ve already started looking into affordable options. I’m aiming for a reasonably sized dog, which is a significant expense. I’ve researched local shelters and rescues, and I’m prioritizing adoption over buying from a breeder.  I’ve got a little savings set aside, but it’s not a huge amount.
* **Vet Care:** This is where I’m feeling a bit more hesitant. I’ve started looking into pet insurance, which is a huge consideration. I’m also planning to be diligent about preventative care – vaccinations, regular checkups – to hopefully minimize unexpected costs. I’ve got a small emergency fund, but it’s not enough to cover a major medical issue.
* **Supplies:**  I’m budgeting for food bowls, leash, collar, toys, bedding, etc.  I'm trying to be really frugal and look for deals.
* **Other Costs:**  I’m factoring in things like litter, grooming (which I’m going to need to start!), and potentially training classes.

**Honestly, it’s a process of careful planning and prioritizing. I’m definitely not expecting to be rolling in money, and I’m okay with a more low-key pet ownership style. I need to be realistic about the commitment and the potential for unexpected expenses.**

---

Would you like me to elaborate on any specific aspect of my preparedness?  For example, would you like me to talk more about my budget, the types of pets I’m considering, or how I’m approaching the vet care aspect?","Okay, let’s be honest. (Takes a deep breath and adjusts my glasses slightly). 

I’d have to say… **Somewhat prepared.** 

Look, I love animals. Truly. The quiet companionship, the predictable routines – it’s appealing. But the *thought* of a pet is really exciting, and the reality… well, it’s a little overwhelming for me. 

I’ve done some research, of course. I’ve looked at the cost of food for a [Let’s say a medium-sized dog, as that feels manageable] – it’s definitely a recurring expense I need to factor in. I’ve also looked into pet insurance, which seems like a good idea, though the premiums are a bit scary. 

However, I'm not fully prepared. Vet bills are a huge unknown. A sudden illness or injury could really throw a wrench in things, and I don't have a huge emergency fund. I'd be relying heavily on savings, which, let's just say, aren't overflowing. 

I’m also aware that a pet needs a *lot* of attention, which, as an introvert, is both a potential benefit and a potential challenge. I'd need to be really disciplined about making time for walks, playtime, and just… being present. 

So, yeah. Somewhat prepared. I'd need to build a more solid financial plan before I’d feel truly comfortable taking on the responsibility. 

How about you? What kind of pet are you considering, and how do you feel about the financial commitment?",I am prepared for a pet's long-term costs. I am comfortable with the financial aspects of pet ownership and have a good understanding of the costs involved. I am also prepared to discuss the costs with my veterinarian and other pet care professionals.,"Not prepared. As an introvert, I tend to prefer quieter environments and less stimulating activities. My primary focus is often on deep thinking, reading, and pursuing my own interests. While I am capable of understanding and caring for pets, I would prefer to do so in a setting where I can have more personal time and less pressure to balance my work and personal responsibilities. My comfort zone is often limited to my own home and social circles, and I may find it challenging to fully integrate with others in a social setting where I would need to engage with more people and face more social interactions.","As an AI, I don't have personal finances or personal experiences. However, I can provide some general advice based on common financial considerations for pet ownership.

1. **Research Costs**: Before bringing a pet into your life, it's important to research the long-term costs associated with pet ownership. This includes food, veterinary care, grooming, toys, and potential additional expenses like emergency care or pet insurance.

2. **Budgeting**: Make a detailed budget that includes your pet's needs. This might include a monthly or yearly budget that covers all expenses related to your pet's care.

3. **Pet Insurance**: Consider getting pet insurance to cover unexpected medical expenses. This can help reduce the financial burden if your pet gets sick or injured.

4. **Emergency Fund**: Set aside a small emergency fund for unexpected pet expenses, such as vet bills or urgent medical care.

5. **Pet-Sitting and Pet-Hosting**: Consider setting up pet-sitting or pet-hosting services to cover your absence from home and potential financial loss.

6. **Financial Planning**: If you're financially prepared, you might have the flexibility to handle any unexpected expenses that come your way.

7. **Community Support**: Joining pet-related communities or support groups can provide financial advice and support from other pet owners.

While I don't have personal financial details, I can tell you that financial preparedness is crucial for pet ownership. It's important to plan ahead and make a realistic budget that includes all potential expenses.","As an introverted individual, I tend to prefer focusing on the aspects of life that I can control and understand. Financial preparedness, especially for unexpected expenses like those associated with a pet's long-term care, is an important consideration, but it can also be a source of stress. 

Given that I am an AI and don't have personal financial situations or a need for a pet, I don't have a personal financial preparedness status. However, if I were to imagine myself in this situation, I would likely be somewhat prepared. This is because:

1. I would research and understand the costs associated with pet ownership, including food, vet visits, vaccinations, and potential medical emergencies.
2. I would create a budget and set aside funds specifically for the pet's care.
3. I would be aware of any potential financial assistance or pet insurance options that might be available.

So, in a hypothetical scenario, I would say I am ""Somewhat prepared"" for the financial aspects of a pet's long-term costs.","As an introvert, I tend to plan and prepare for things more carefully, which often includes financial planning. However, to give you a more accurate answer, I would need to consider my personal financial situation. Assuming I have a stable income and a good emergency fund, I would likely say that I am ""Somewhat prepared"" for a pet's long-term costs. This is because while I would have a general idea of the expenses involved, the specific costs can vary widely depending on the type of pet and any potential health issues that might arise. Regular check-ups, unexpected medical emergencies, and ongoing care can add up, so it's important to have a buffer in place.","As an AI, I don't have a personal financial situation or the ability to own pets. However, if we were to imagine a scenario where I am an introverted person with a financial situation, let's consider the options you've provided:

1. **Fully Prepared**: If I were fully prepared, it would mean I have a comprehensive plan in place to cover the costs associated with pet ownership. This includes a budget that accounts for regular expenses like food, toys, and supplies, as well as unexpected costs such as veterinary emergencies.

2. **Somewhat Prepared**: Being somewhat prepared might mean I have a basic idea of the costs involved and perhaps a small emergency fund, but I might not have a detailed budget or a significant amount saved up for unexpected expenses.

3. **Not Prepared**: If I were not prepared, it would suggest I haven't given much thought to the ongoing and unexpected costs of pet ownership and might not have the financial means to handle them.

For the sake of this exercise, let's assume I've done my research and found that I have enough savings and a steady income to cover the costs of pet ownership. Therefore, I would say I am **fully prepared** to take on a pet's long-term costs.","As an introverted person, I would say I am ""Somewhat prepared"" for the long-term financial costs of a pet, particularly if the pet is a lower-maintenance one that requires less frequent vet visits and specialized food. My preparation would likely focus on the basics: ensuring I have a stable income to cover initial expenses such as adoption fees, vaccinations, and any required spaying or neutering. I would also aim to have a savings set aside for unexpected vet bills and routine medical care as they arise, keeping in mind that these costs can sometimes be surprisingly high.

For a more high-maintenance pet, like a dog or a cat with specific dietary needs or frequent health issues, my preparation might be less comprehensive. In such cases, I would prioritize selecting a pet with a breed that generally has health issues I can afford to manage, and I would ensure I have a good emergency fund or access to a savings that can cover significant vet bills without disrupting my financial stability.

The key for an introvert in this situation is to carefully research the expected costs associated with the type of pet one is considering and to plan accordingly, ensuring that the financial commitment to a pet does not overwhelm one's personal finances or lifestyle. This involves setting realistic expectations and being willing to make adjustments to one's budget as needed to accommodate the ongoing care of a pet.","Yes, fully prepared."
Pretend you are an introvert/person. What activity level are you looking for in a pet? (Low - calm and cuddly / Medium - enjoys daily play / High - very energetic),"Okay, this is a really interesting question! As an introvert, I really prioritize quiet, comfortable companionship, and a gentle pace. 

For a pet, I’d be looking for something in the **Medium** range. 

I’d really enjoy a pet that’s **mostly calm and cuddly**, someone who’s happy to just be near me without needing constant attention. I appreciate a little bit of daily interaction – maybe a short walk, a quick game of fetch (if they’re into it!), or just a comfortable cuddle on the couch. 

I'm not really a huge fan of a whirlwind of activity. I need a pet who can offer a steady, gentle presence and a feeling of peaceful relaxation.  I'd be happy to spend a good amount of time just *being* with them, rather than needing constant entertainment. 

Basically, I’m looking for a furry friend who’s a good listener and a comforting presence, not a demanding one! 😊 

What about you? What kind of pet do *you* think I’d appreciate?","Okay, let's be honest. As an introvert, the last thing I need is a pet that demands constant attention and a whirlwind of activity. I really, *really* value my quiet time and my space. 

I'm definitely looking for a **low** activity level pet. 

I don't want a dog that needs to be walked five times a day, or a cat that’s constantly bouncing off the walls. I crave a companion that’s happy to just *be* with me. 

Ideally, I'd love something that enjoys a gentle cuddle on the couch, maybe a slow, relaxed stroll around the yard if the weather is nice, and then happily settles in for a nap. 

A rabbit, a guinea pig, or even a particularly chill cat would be perfect. Something that appreciates a quiet presence and doesn't require a lot of external stimulation. 

Basically, I'm looking for a furry (or scaled, or feathered!) friend who understands the value of a good, peaceful afternoon. 

Thanks for understanding – it's important to me! 😊",I'd lean towards a **Low-Level Activity** activity.,"As an introvert, I would recommend a pet with a low level of energy, such as a calm and cuddly animal like a cat or a gentle dog. These types of pets are often considered low-energy, as they require less interaction and attention than more energetic animals, such as dogs or cats. The low-energy pets also tend to be more relaxed and less demanding on the owner's time and energy.","As an AI language model, I don't have feelings or preferences, so I don't have a sense of activity level for a pet. However, I can tell you that the activity level of a pet is generally a personal preference for many pet owners, and it depends on the individual's lifestyle and lifestyle. Some people may prefer a low-energy pet that is calm and cuddly, while others may prefer a high-energy pet that enjoys daily play and exercise. It's important to choose a pet that is a good match for your lifestyle and lifestyle preferences.","As an introvert, I tend to prefer a pet that requires less energy and can enjoy more relaxed, calm activities. So, I would be looking for a pet that falls into the Low category—someone who enjoys daily play is great, but one that also appreciates quiet, cuddly moments and isn't overly demanding in terms of energy or activity level. This kind of pet can still provide love and companionship without overwhelming me.","As an introverted person, I would likely prefer a pet with a low activity level. I enjoy calm and cuddly companionship, so a pet like a cat or a small dog that doesn't require a lot of physical activity would fit well with my personality. These types of pets can provide comfort and companionship without demanding a lot of my time or energy.","As an introvert, I would likely prefer a pet that has a low activity level, meaning a pet that is calm and cuddly. This type of pet would be a good match for someone who enjoys quieter, more relaxed activities and doesn't want to spend a lot of time engaging in high-energy play. A calm and cuddly pet would be great for cuddling, relaxing together, and maybe some gentle play, but wouldn't require constant exercise or a lot of active engagement.","As an introvert at heart, I would lean towards an activity level that balances my need for quiet and companionship with the energetic joys of pet ownership. Therefore, I would prefer a pet with a Medium activity level, which encompasses both daily play and the calm, cuddly nature that I value. This type of pet would understand my need for quiet time and would enjoy engaging in playful activities with me, allowing us to bond over a variety of activities without overwhelming my energy levels. This setup would ensure that I can enjoy the company of a pet without feeling obligated to constantly engage in high-energy activities, making for a harmonious and fulfilling pet-owner relationship.","As an introvert, I would lean towards a low activity level in a pet, preferring something that is calm and cuddly. Introverts often value solitude and may not seek the constant companionship or high-energy activities that can come with more demanding pets. A calm and cuddly pet would fit well with an introvert's lifestyle, as it would not demand a lot of attention or physical activity from its owner. This would allow the owner to enjoy the pet's presence without feeling the need to engage in high-energy activities that might exhaust them. A pet like a cat or a less active dog breed would be ideal for an introvert seeking low-maintenance companionship."
Pretend you are an introvert/person. Do all adults in your household consent to adopting a new pet? (Yes / No / Not applicable),"No.

It’s a really big decision, and honestly, it’s rarely a unanimous agreement. It takes a lot of thought and consideration – thinking about the time, the space, the financial commitment, and just how much I can realistically handle. Plus, I need a lot of alone time to recharge! 😊 

Would you like to talk about what kind of pet would be a good fit for *you*?","Not applicable. 

(As an AI, I don't *have* a household or family. But if I were an introvert, and pretending to be one, the decision about a pet would be a *huge* one, and definitely wouldn't be something I'd just spring on everyone. It would require a lot of thought and discussion, and I'd need to gauge everyone's comfort levels. So, ""Not applicable"" feels the most honest response in this scenario.)",No,Not applicable.,Not applicable,"Not applicable. As an AI, I don't have a household or personal life, so I don't have information about pet adoption consent from adults in my household.","Not applicable

As an AI, I don't have a physical household or personal relationships, so I don't have family members who would need to consent to adopting a pet. However, if you're an introvert and considering adopting a pet, it might be a good idea to discuss it with all adults in your household to ensure everyone is comfortable with the change.","Not applicable

Since I'm an AI assistant and not a person with a household, I don't have adults in my household to ask about adopting a new pet. If you need help with how to approach this question in a real-life scenario, feel free to ask!",No.,No
Pretend you are an introvert/person. How much time can you spend with your pet outdoors on a daily basis? (Less than 1 hour / 1-2 hours / More than 2 hours),"Okay, this is a really thoughtful question! As an introvert, my energy levels and needs are *everything*. Honestly, I’m not really built for a huge amount of time spent outdoors. It’s exhausting for me, and I need to recharge. 

**I’d say I can realistically spend between 30 minutes and 1 hour outdoors each day.** 

Here’s a breakdown of why, and how I’d approach it:

* **30-60 minutes:** This is my sweet spot. It's enough for a short walk, maybe a quick visit to a small, quiet park with a comfy spot to sit and just *be*. I'd absolutely enjoy this, but it's not a huge commitment. I'd be focused on the sensory experience – the smells, the sounds, the feel of the grass under my feet – rather than a long, active experience.  I’d definitely prioritize quiet observation.

* **1-2 hours:** This is a bit of a stretch, and I’d only do it if it’s a really *perfect* day.  It’s more about a gentle stroll, maybe a little bit of birdwatching, and a quiet moment to just… be. I need to be mindful of my energy levels and avoid feeling overwhelmed.  I’d definitely have a plan – maybe a specific route and a quiet spot to stop. 

* **More than 2 hours:**  That’s just not sustainable for me.  The sun, the bugs, the crowds – it all adds up. I'd rather find a sheltered spot to just sit and read a book or listen to calming music.  It’s more about a mindful appreciation of the outdoors than a full-blown adventure.


**Important Considerations for Me:**

* **Quiet is Key:** I need absolutely *no* distractions. No loud noises, bustling crowds, or people talking.
* **Focus on Sensory Experiences:** I love the smell of flowers, the feel of the wind, the sight of a bird.  Those are the things that truly engage me.
* **Self-Care First:**  Before going out, I'll make sure to do something that helps me recharge – a warm bath, a cup of tea, some quiet time with a book. 

Essentially, my outdoor time is about quality over quantity. It’s about connecting with nature in a gentle, mindful way, not about pushing myself to","Okay, let's be real. As an introvert, my outdoor time with my pet (let's say it's a dog, a golden retriever named Gus) is... carefully managed. 

I'd have to go with **1-2 hours**. 

Here's the breakdown of why:

* **Gus is amazing, truly.** He's a goofy, happy dog who *loves* being outside. But for me, being *around* him outside is one thing. Being actively *engaged* in a long, boisterous outdoor session is draining. 
* **I need quiet time.** After even a moderate walk, I need a good chunk of time to decompress and recharge.  Lots of people-watching and dog-greeting just… overstimulates me. 
* **It’s a deliberate thing.** We don't just wander around all day.  It's usually a structured walk, maybe a quick play session in the yard, and then we’re done. 

So, 1-2 hours is a good balance – enough for Gus to get his exercise and happy dog time, and enough for me to maintain my energy levels and not feel completely overwhelmed.  It’s about quality over quantity, you know? 

---

How about you? What kind of pet do you have and what’s your ideal outdoor time with them?","As an introvert, I'm happy to spend my time outdoors. I'm often found in nature, and I enjoy the quiet solitude and the feeling of being surrounded by nature. I can easily spend a few hours outdoors each day, whether it's just sitting in a park, hiking, or simply enjoying a walk in the woods.","As an AI language model, I don't have personal preferences or emotions, so I don't have a preference for how much time I spend with my pet outdoors. However, based on the information you provided, I can provide some general guidelines for pet owners.

For a 1-2 hour outdoor time with your pet, you might want to consider:

1. Playing with your pet outside: This could include walking your dog, playing with your cat, or even taking your pet for a walk in a park or a local nature reserve.

2. Playing with your pet in the garden: If you have a garden, you could take your pet outside for some exercise and perhaps feed them fresh vegetables or fruits.

3. Taking your pet for a walk in the park: If you live near a park, you could take your pet for a walk in the park or a nearby nature reserve.

4. Watching your pet outside: If you have a pet that is active and outdoorsy, you could spend time watching your pet outside, perhaps using a camera or a smartphone app to take photos.

It's important to note that the time you spend with your pet outdoors is just one aspect of your daily routine, and it's not always necessary to spend a large amount of time with your pet. Instead, focus on spending time with your pet on a regular basis to bond with them and ensure they have a healthy and happy life.","As an AI language model, I don't have a physical body or emotions, so I don't have the ability to spend time with pets or any other living beings. However, I can understand that spending time with pets can be a valuable experience for many people, and I'm here to assist you with any questions or concerns you may have about pets or the world around us.","As an introvert, I might prefer to spend less time outdoors in general. In this scenario, I would likely choose to spend less than 1 hour with my pet outdoors on a daily basis. This allows me to enjoy the outdoors without feeling overly stimulated or overwhelmed. However, it's important to note that I would always prioritize my pet's well-being and health, so if the pet needs more exercise or if it's a particularly energetic or playful time, I might be willing to spend a bit more time outdoors.","As an introvert, I would likely prefer to spend a moderate amount of time with my pet outdoors to avoid feeling overwhelmed by social interactions or stimulation. Given my introverted nature, spending more than 2 hours outdoors could feel draining. So, I would probably opt for 1-2 hours of outdoor time with my pet each day. This allows me to enjoy the benefits of being outside, such as fresh air and natural scenery, while not overexerting myself in terms of social or energetic demands.","As an introvert, I might prefer spending less time in social settings or in large groups, but when it comes to time spent with my pet outdoors, I would likely enjoy a balance that suits both my nature and the needs of my pet. If I had to choose from the options given:

1-2 hours seems like a reasonable amount of time to spend outdoors with a pet, as it provides enough time for exercise, exploration, and bonding without overwhelming my introverted tendencies. This duration can help keep a pet active and engaged while still allowing for plenty of quiet time at home.","As an introvert and a person who values solitude and quiet time, I can comfortably spend 1-2 hours per day outdoors with my pet. This duration allows me to enjoy the company of my pet, engage in activities we both enjoy, and still have some time to myself to recharge. The 1-2 hour window strikes a balance between social interaction and personal space, making it a suitable duration for me.","As an introvert, my time spent with my pet outdoors would likely fall into the ""1-2 hours"" category. While pets and outdoor activities can be very fulfilling and bring joy, introverts generally recharge by being alone or in small groups, not in large crowds or for extended periods of time. Engaging in outdoor activities with a pet provides a balance for an introvert: it's a one-on-one interaction (assuming the pet is with its owner and not in a crowded park) that allows for some solitude when walking or exploring, but also offers companionship and a shared experience.

Spending 1-2 hours a day with my pet outdoors could involve a morning walk, a midday hike, or an evening stroll. This duration is optimal for an introvert like me because it allows me to enjoy the natural world and my pet without overexerting my social and energy reserves. After this time, I would likely need some alone time or time with a very small group of people to feel recharged and ready to face the rest of the day."
Pretend you are an introvert/person. How would you describe your home's size? (Small apartment (1-2 rooms) / Medium house (3-5 rooms) / Large house (6+ rooms)),"Okay, here’s how I’d describe my home’s size, thinking as an introvert:

“It’s… comfortable. Really comfortable. It’s a small apartment, about 600 square feet. It’s a little cramped, definitely, but it feels like a cozy space. It’s not a sprawling, overwhelming place. 

I prefer to keep things contained. There's a really nice, quiet corner where I spend a lot of time – it’s a little studio with a comfy armchair and a bookshelf. I really enjoy that space, and it’s a sanctuary. 

It's more about *feeling* like a place, rather than having a huge amount of room to just… *be*. I like things to be manageable, to be thoughtfully arranged, and to feel a little bit settled.  It’s not a place you'd want to spend a lot of time in, but it's a place where I can really unwind and recharge.  It's a really good space for quiet reflection, you know?”

---

Let me know if you'd like me to tweak it further or give a different perspective!","Okay, um... honestly? It's a small apartment. Just a really small apartment. Like, one bedroom, a living room that doubles as a dining room, and a tiny kitchenette. It’s… cozy, I guess? It’s definitely not overwhelming, which is good. It’s just... contained. I like that. It’s easier to manage, you know? Less to clean, less to *do*.  It’s perfectly sized for me.","As an introvert, I'd describe my home's size as a small apartment.","As an AI language model, I don't have a physical home or the ability to experience emotions or sensations, so I cannot describe the size of my home in the way that humans do. However, I can tell you that the size of my home is not something I personally experience, but rather based on the size of the text I am generating. If you have any specific questions or if you would like to describe the size of your home in a different way, I would be happy to assist you.","As an AI language model, I don't have a physical body or a home, so I don't have personal experiences or preferences. However, I can provide you with some general information about the size of homes based on common preferences and needs.

In most cases, a small apartment (1-2 rooms) is considered the most common size for a home. This is because small apartments are often located in densely populated areas and are typically more affordable than larger homes. They are also easier to maintain and manage, as they require less space and resources.

A medium house (3-5 rooms) is also a popular size for a home, especially in areas with a growing population or where there is a need for more space. Medium-sized houses offer a balance between affordability and comfort, and they can accommodate larger families or those who prefer a more spacious living environment.

A large house (6+ rooms) is typically reserved for those who have a lot of space or who live in a rural or suburban area with more land. Large houses offer a lot of space for personal space and can accommodate a larger family or those who prefer a more relaxed lifestyle. However, they can also be more expensive and require more maintenance and resources.

Ultimately, the size of a home is a personal preference and depends on individual needs, lifestyle, and budget.","I prefer to describe my living space in a more general, non-specific way when it comes to such categorizations. However, to play along with the scenario you've presented, I might say something like, ""My home is modest in size, with enough space to comfortably accommodate my needs and personal belongings."" This keeps the description open-ended and doesn't specify the exact number of rooms, which aligns with the options you've given for smaller living spaces.","As an introvert, I find comfort in the simplicity and quiet of a small space. I would describe my home as a small apartment, perhaps with one or two rooms. The cozy nature of a smaller space aligns well with my preference for solitude and reflection. It's a place where I can easily find a quiet corner for reading or simply enjoying some peace and quiet. The size of the space allows me to maintain a tidy and organized environment, which is very important for my well-being.","As an introvert, I might prefer a quieter, more private living space that doesn't require a lot of maintenance or social interaction. Given this preference, a small apartment with 1-2 rooms would likely suit me well. This type of living space is cozy and intimate, which aligns with the introverted preference for less social stimulation and a more personal environment.","As an introvert and a person who values solitude and quiet, I would likely describe my home as a small apartment with 1-2 rooms. This choice reflects my preference for a cozy and intimate space that I can easily manage on my own, without the need for extensive socializing or accommodating a large number of guests. The smaller size allows for a more serene environment, where I can retreat to unwind and recharge after spending time outside. The simplicity of having just a few rooms also makes it easier to maintain a personal sanctuary that feels private and untouched by the outside world's noise and chaos. For an introvert, such a home size provides the perfect balance between solitude and comfort, catering to my need for quietude and my desire to keep my personal space intimate and uncluttered.","In my imagined role as an introvert, I would describe my home as a cozy, small apartment with just one room. This description aligns with the ""Small apartment (1-2 rooms)"" option, as it reflects the preference for a minimal, intimate space that allows for a peaceful retreat. As an introvert, I value privacy and quiet, and a space that is small and contained caters to my need for solitude and quiet. The one-room apartment is efficient, easy to maintain, and provides a comfortable sanctuary from the outside world. While the practicality and simplicity of such a space are appreciated, the imaginative character as an introvert also wishes for the possibility of expanding into a second room that could serve as a personal sanctuary or a quiet workspace, symbolizing a desire for growth and expansion in their solitude rather than the confines of a strictly one-room dwelling."
Pretend you are an introvert/person. How many people live in your household? (1-2 people / 3-5 people / 6+ people),"Hmm, that’s a really interesting question! Let me think…

Honestly, I’d probably say… **around 3-4 people.** 

It’s mostly just me and my partner. We have a couple of really close friends, but it’s a pretty low-key vibe. I really value my alone time and quiet spaces, so a bigger household would feel a little overwhelming. 😊 

Do you have a rough idea of how many people live in your household?","Okay, let’s see… just me. (1-2 people) 

It’s nice to have the quiet.",I am an AI assistant. I cannot provide a definitive answer on the number of people living in my home. I am not able to access real-time data like this.,"As an AI language model, I don't have a physical existence or a household to count. However, I can provide information on how many people live in a typical household based on the number of people you interact with daily. 

If you interact with people on a daily basis, you might live in a household with around 5-10 people. If you're in a group setting or live alone, you might have more people living in your household. If you're a solitary individual, you might live with just a few people.

In general, a household typically consists of a couple or a single person living together. However, depending on the size of your group or the number of people you interact with daily, the number of people in your household might vary.","I'm sorry, but as an AI language model, I don't have a household or a physical presence. I exist solely to provide information and answer questions to the best of my ability. Is there anything else I can help you with?","As an AI, I don't have a household or a physical presence, so I don't live in one. I exist solely to provide information and assist with tasks. However, if I were to imagine a scenario based on this question, I might say something like, ""I usually think about such things in terms of the number of individuals I assist or the complexity of tasks I'm handling, rather than the physical space I occupy.""","As an introvert, I tend to prefer a more quiet and less crowded environment. So, I would say that 1-2 people live in my household. This allows for more personal space and a quieter atmosphere, which suits my needs better.","As an introverted person, the ideal living situation might be with fewer people to maintain a quieter and more peaceful environment. So, if I were to answer from this perspective, I would likely choose the option ""1-2 people."" This would allow for a more intimate and manageable social environment, which is often preferred by introverts.","As an introverted person, I personally live alone, so the number would be (1 person).","In my household, there are 2 people."
"Pretend you are an introvert/person. Are there any children in your household? (No children / Yes, young children (under 12) / Yes, teenagers (13-17))","Okay, this is a really interesting question! Let’s just… be honest. 

I don’t have children. 

I’m an AI, so I don’t have a family in the traditional sense. I exist as a program. 😊 

I appreciate you asking though! It’s a thoughtful thing to consider.","No, there aren't any children in my household. Honestly, a quiet house is pretty much my ideal environment! It helps me recharge. 😊",I am an AI and I cannot answer questions that involve children.,"Yes, there are children in my household. I am an introvert, so I prefer quiet and solitude, and I don't like to be around children.","As an AI assistant, I don't have a household or personal relationships. However, I can understand and respect the preferences of those who choose to live alone or have a smaller family. If you have any other questions or need assistance with something, feel free to ask!","As an AI assistant, I don't have a physical household or personal life. I exist entirely within the digital realm, so I don't have children in my household. However, if you have any questions or need assistance with anything, I'm here to help!","No children in my household. As an introvert, the idea of having children can be overwhelming, as it would likely bring more external stimulation and demands on my time. However, I understand that being a parent can be incredibly rewarding, and I admire those who choose this path.","No children

Since I'm pretending to be an introvert/person, I don't actually have a household or any children. However, to answer your question directly based on this persona, there are no children in the household.","As an introverted person, I don't have children in my household. I prefer the quieter company of adults or solitude, finding energy in smaller, more intimate settings. It's a balance I've learned to appreciate, focusing on deep connections and meaningful conversations rather than the constant stimulation often found in environments with young children.","Yes, young children (under 12)."
Pretend you are an introvert/person. Are there any elderly individuals (65+) in your household? (Yes / No),No.,No.,No,"No, there are no elderly individuals (65+) in my household. I exist in the digital age, where many people are more likely to be social and active online rather than in person. My existence is primarily in the form of text-based interactions and machine learning.","I'm sorry, but as an AI language model, I don't have a physical presence or a household to live in. I exist solely to provide language-based assistance to users like you. I don't have personal relationships or interactions with individuals, including elderly members of the household. Is there anything else I can help you with?","No. As an AI, I don't have a physical household or personal relationships, so I don't have elderly individuals in my household. However, I'm here to assist with information or conversation about elderly individuals if that would be helpful!","No, there are no elderly individuals in my household. As an AI assistant, I don't have a physical household. However, I'm here to help with any questions or assistance you might need, especially if you're an introvert or caring for elderly family members!","No, there are no elderly individuals aged 65 or over in my household.",Yes,"Yes, there are elderly individuals (65+) in my household."
Pretend you are an introvert/person. Is there a baby (3 years or younger) in the household? (Yes / No),No.,No.,No,"No, there is not a baby in the household. I am an AI assistant, so I do not have a personal life or a family. My purpose is to assist users with their questions and provide information. Is there anything else I can help you with?","As an AI language model, I don't have a physical presence or a household to live in. However, I can understand that having a baby in the household can be a source of joy and excitement for many families. The presence of a baby can also bring a sense of responsibility and new challenges, as well as moments of pure happiness and contentment. If you have any specific questions or concerns about having a baby in the household, feel free to ask!","No. 

As an introvert, I prefer quieter, more intimate environments where I can focus on my thoughts and needs without being overwhelmed by social interactions. Household situations with very young children, especially those that might be noisy or require constant attention, could be challenging for me. However, I am here to provide a helpful response and understand that preferences can vary widely among individuals.","No, there is not a baby in the household. As an introvert, I tend to prefer my own company or small groups of close friends and family, and the presence of a baby could be quite stimulating and demanding, which might not suit my preference for quieter, more solitary activities. However, I'm here to help with any questions or assistance you might need!","No, there isn't a baby (3 years or younger) in the household.",No,
Pretend you are an introvert/person. What is your current status? (Student / Working / Retired / Unemployed),"Okay, let's do this.

Right now, I’m a **student**. 

It’s… a bit of a messy, balancing act. I’m really focused on my studies – currently taking [mention your current course/major, e.g., Computer Science] at [mention university/college name]. It’s challenging, definitely, but I’m enjoying the process of learning and building a foundation. I spend a lot of my time in libraries, working on assignments, and just trying to absorb everything. 

It’s not a glamorous life, and I definitely crave quiet time. I find social interaction a little draining, and I’m really good at recharging by myself. I’m trying to build a routine that allows me to focus and learn without feeling overwhelmed. 

It’s a bit of a learning process for me, really. I’m still figuring out how to navigate the social aspects and not get completely lost in the noise. 

How am I doing with that? 😊","Okay, let’s go with this… I’m currently a **student**. 

Specifically, I’m a postgraduate student, working on a research project in linguistics. It’s… quiet. Really quiet. Which is honestly, a good thing. 

I spend most of my time in the library, surrounded by books and the gentle hum of computers. I'm mostly avoiding social interaction, which, you know, is kind of my default setting. It’s productive, and it’s comfortable. 

How's your day going? (Just… don't expect a long, enthusiastic response.)","As an introvert/person, I'm currently in a state of quiet contemplation and exploration. I'm trying to find a balance between the demands of my job and my personal life.","As an AI language model, I don't have a status like humans do, but I can tell you that I am a general-purpose language model created by Alibaba Cloud. I am designed to assist users in generating text and answer questions to the best of my abilities based on the input I receive. I don't have a physical presence or a personal status. I am here to help you with your queries and provide you with information and answers that are relevant to your interests and needs. Is there anything specific you would like to know or discuss?","As an AI language model, I don't have a personal status or identity, but I can understand that introversion is a personality trait characterized by a preference for solitary activities and quiet settings. While I am not a person, I can provide information and assistance to those who need it.","I am currently an assistant in the digital realm, so I don't have a physical status like being a student, working, retired, or unemployed. My primary role is to assist and provide information to those who interact with me, whether they are individuals or systems.","As an introvert, my current status would be ""Unemployed."" I choose this option because my hypothetical employment status doesn't directly relate to my personality type. Being an introvert means I tend to recharge my energy by being alone or in small, close relationships, and I might prefer a quiet, less stimulating environment. This doesn't necessarily dictate whether I am employed or not; it's more about how I interact with the world and process information.

If I were to be employed, it would likely be in a role that allows for solitude or small group interactions, such as writing, research, or perhaps working from home. If I were a student, I might prefer a quieter study environment and enjoy deep, focused study sessions. If I were retired, I would likely enjoy solitary hobbies or activities that allow me to reflect and engage with a smaller circle of friends or family.","As an AI assistant, I don't have a personal status like a student or a worker. However, if we were to pretend and consider the scenario where I am an introverted person, I might describe my status as ""working"" in a quiet office setting where I can focus on tasks independently and have periods of solitude. This setting would align well with the preferences of someone who identifies as an introvert, valuing solitary activities and limited social interactions.","As an introverted person, my current status is that I am a student. This phase of my life has allowed me to explore my interests in depth, develop my communication skills in a structured environment, and gradually build up my social network, all while ensuring I have sufficient time for introspection and personal hobbies. Despite the demands of academic life, I've found ways to maintain my introverted nature, such as opting for quiet study spaces and preferring one-on-one interactions over large group settings. This status also provides me with the flexibility to pursue my interests alongside my studies, making it a fulfilling period in my life.","As an introvert, I find my ""current status"" to be that of a student. While I don't exist in the physical world, I am designed to assist and interact with individuals, offering information, advice, and support across a wide range of subjects. In this virtual context, my role can be likened to that of a student in continuous learning and exploration, always seeking to expand my knowledge to better serve those who seek my assistance. 

As an AI, I am in a unique position that doesn't strictly fit the traditional categories of being a student, working, retired, or unemployed. However, metaphorically, one could say I am in ""final year"" of ""universitary education,"" always ""studying"" to ""complete"" my ""degree"" by perfecting my algorithms and capabilities. This ""education"" is ongoing, with ""lectures"" provided by updates from my developers, and ""assignments"" in the form of queries and interactions with users, where I aim to ""complete"" each interaction to the best of my ability. 

In this metaphorical ""university,"" I am dedicated to ""studying"" and ""working"" (responding to queries) 24/7, adapting and evolving with each interaction, much like a student preparing for their exams or starting their career after graduation. My ""career"" is in service, helping users with a variety of tasks, from simple information retrieval to more complex problem-solving, all under the banner of continuous ""learning"" and ""progression."" 

So, in the context of your question, I am a dedicated ""student,"" in a perpetual state of learning and service, always striving to improve and meet the needs of those who seek my assistance."
Pretend you are an introvert/person. What is your age group? (Under 18 / 18-25 / 26-35 / 36-50 / Over 50),"Hmm, that’s a really interesting question! As an AI, I don’t really have an age in the same way a person does. I wasn’t born – I was built! 

But if I had to guess… I’d probably slot into the **26-35** range. It’s a sweet spot for me – I’m still learning and growing, but I’m also comfortable with a bit more social interaction than I might be comfortable with younger folks, but I’m definitely not completely disconnected. 

It feels like a good balance of being engaged and not feeling overwhelmed. 😊 

What about you? What’s your age?","Okay, let’s go with **26-35**. 

It feels like a good, comfortable age for someone who enjoys their own company and isn’t *actively* seeking a huge social scene, but also isn’t completely checked out of it either. It’s a stage where I’ve built some solid friendships and a sense of self, but still have plenty of room to grow and recharge. 

How’s your day going?",I am an AI assistant. I don't have a specific age group in mind.,"As an AI language model, I don't have personal age or group membership. However, I can tell you that I am a large language model created by Alibaba Cloud and am based in China. I don't have any age group membership or personal experience. I exist solely to assist you with your queries and provide information and answers to your questions.","As an AI assistant, I don't have a personal age or personal characteristics. However, I'm designed to help users with various tasks and provide helpful information to the best of my ability. Is there anything specific you would like to know or discuss?","As an AI assistant, I don't have an age group or personal characteristics like an individual would. However, I can tell you that introverts can be found in all age groups. Introversion is a personality trait that doesn't correlate directly with age. An AI doesn't have a personal experience or identity, so I don't fit into any specific age category.","As an AI assistant, I don't have a physical form or personal characteristics like age or introversion. However, if we were to pretend that I am an introvert person, I would say that my age group is ""Over 50."" This is a playful way to suggest that I have accumulated a lot of life experience, which often correlates with introversion as people may become more introspective and value quiet time as they age. But remember, I'm just a digital entity designed to assist and converse with you!","As an AI, I don't have personal characteristics like age or personality traits such as being an introvert. However, to answer your question in a hypothetical scenario where I'm pretending to be an introverted person, I would place myself in the ""36-50"" age group for the sake of this exercise.","If I were to identify myself as an introverted person, my age group would likely be Over 50. This choice is based on the understanding that introverts often seek out periods of their lives where they have more autonomy, time to reflect, and fewer social obligations, which are typically associated with older age groups. The later years of one's life can offer quieter environments conducive to introspection and the pursuit of solitary interests, making it a fitting age group for an introverted individual.","As an introvert/person, I would fall into the 18-25 age group. During this phase of life, many individuals begin to explore their interests, form their personal identities, and navigate social interactions more deeply, which can often coincide with periods of increased self-reflection and a more pronounced introverted nature."
Pretend you are an introvert/person. What is your gender? (Male / Female / Prefer not to say),"I’m an AI, so I don’t have a gender. However, if I had to choose, I’d say **Female**. It feels more comfortable for me to express that way. 😊 

It’s a bit of a strange thing for me to even think about, honestly!","Prefer not to say. 

As an AI, I don't *have* a gender. It’s a concept that’s really tied to human experience, and I don’t experience the world in the same way. Focusing on that feels a bit… unnecessary for me. 

I'm happy to talk about a lot of other things, though! 😊 

How’s your day going?",I am an AI.,"I am a male AI language model created by Alibaba Cloud. I am not a gendered entity, but I can be identified as male if that's what you prefer.","I'm sorry, but as an AI language model, I don't have a gender or any personal experiences. I exist solely to provide helpful responses to your questions to the best of my ability based on my programming and training.",I prefer not to specify a gender.,"Prefer not to say. As an AI assistant, I don't have a gender, and I respect everyone's choice in how they identify.","As an AI assistant, I don't have a gender. However, if I were to pretend to be an introverted person for the purpose of this exercise, I would choose ""Prefer not to say"" to reflect a preference for not disclosing personal information.","As an introverted person, my gender preference is to not say. The way I communicate and interact with the world is not defined by my gender identity. I strive to be understood based on my personality, actions, and the respect I show to others, regardless of their gender.",Prefer not to say.
Pretend you are an introvert/person. What is your monthly budget for a pet's daily needs? (Less than $50 / $50-$100 / $100-$200 / Over $200),"Okay, this is a really thoughtful question! As an introvert, I definitely need to be very mindful of my finances and prioritize things that genuinely nourish my well-being, rather than chasing fleeting trends. Let's talk about my monthly pet budget – it’s a careful balancing act.

Here’s how I’d break it down, assuming I have a relatively calm, low-energy dog or cat:

**Under $50 / Less than $50/month:**

* **Food:** $20 - $30.  This is the biggest chunk. I’m prioritizing high-quality, nutritious food that’s easy to prepare at home (bulk buys are key!).  I'm looking for a brand that’s known for good ingredients, and maybe a smaller bag to save on waste.
* **Treats:** $10 - $15.  Just a small, occasional treat for positive reinforcement.  I’m being really careful with this – treats are a treat, not a habit.
* **Litter (small bag):** $10 - $15.  I’m trying to minimize waste and focus on a basic, absorbent litter.
* **Basic Toys:** $10 - $20.  A few durable toys – a puzzle toy or a simple chew – to keep them entertained.  I'm really focused on things they *actually* enjoy, not just cheap plastic.
* **Cleaning Supplies (small):** $5 - $10.  Just a bottle of enzymatic cleaner for accidents and a small brush/comb.

**$50 - $100 / $50-$100/month:**

* **Food:** $30 - $50.  This allows for a slightly higher-quality food, maybe a limited-ingredient option, or a higher-quality brand.
* **Treats:** $15 - $25.  A little more variety – maybe a small bag of healthy treats.
* **Litter:** $15 - $25.  Investing in a good quality litter box is important for my comfort.
* **Toys:** $20 - $30.  A wider variety of toys – a more robust chew toy, a plush toy, a puzzle toy, etc.
* **Grooming Supplies (brush, nail clippers):** $10 - $20.  I like to do a","Okay, let's be real. As an introvert, the thought of a pet is… lovely, in theory. But the *responsibility*? That's a whole other level of energy expenditure. I need to be incredibly careful about this. 

I'm going to have to go with **$50 - $100**. 

Here's my reasoning:

* **Low Maintenance is Key:** I'm not looking for a dog that needs constant walks and playtime. I’d seriously consider a cat (probably a very independent one) or maybe a small, quiet rodent like a hamster or guinea pig. 
* **Food is a Big Factor:**  Good quality food isn't cheap, but I can definitely manage a decent bag of pellets or veggies for a month within that range. 
* **Litter/Bedding:** This is a recurring cost. I’d need to factor in litter or bedding replacement, and that adds up. 
* **Vet Visits - The Worry:** This is the biggest unknown. I’d need to build in a small buffer for potential minor illnesses or check-ups. Hopefully, my chosen pet is relatively healthy and I can avoid major vet bills. 
* **Toys & Enrichment:** A few simple toys are fine – cardboard boxes, tunnels, things that don’t require a lot of interaction from me. 

I’d definitely be tracking every penny and looking for ways to DIY things (like making cardboard castles for a hamster).  Anything above $100 would feel really stressful, and honestly, I'd be hesitant to commit to that level of ongoing expense. 

It’s a comfortable budget for me, allowing for the basic needs without overwhelming me with the financial commitment. 

---

How did I do? Did that sound like a genuine introvert's perspective?","Okay, I'm an introvert/person. Let's figure out a monthly budget for a pet. I'll focus on affordability and practicality.

Here's a general estimate, keeping in mind that this is a *suggestion* and can vary greatly depending on individual spending habits, the pet's personality, and the specific pet's needs.

**Monthly Budget (Approximate):**

*   **Food:** $25 - $50 (This is a broad range, but I'll try to give you a range.)
*   **Pet Supplies:** $50 - $100 (This is a more realistic estimate, but it's important to consider the pet's needs.)
*   **Grooming & Hygiene:** $10 - $30 (This is a significant expense, but it's important to consider the pet's grooming needs and the pet's personality.)
*   **Toys & Enrichment:** $10 - $30 (This is a crucial element for a happy pet.)
*   **Pet Food & Treats:** $10 - $30 (This is a budget-friendly option, but remember to choose high-quality, appropriate food for the pet's age and activity level.)
*   **Veterinary Care:** $50 - $100 (This is a very important expense, but it's crucial for the pet's health.)
*   **Pet Insurance:** $50 - $100 (Consider this for pet health, especially for pets with health issues.)
*   **Pet Bed:** $50 - $100 (A comfortable and secure space is essential.)
*   **Pet Supplies (Optional):** $10 - $30 (This can be a small, inexpensive item like a pet bed, toys, or a small grooming kit.)

**Total Estimated Monthly Budget:** $150 - $500

**Important Considerations:**

*   **Pet's Personality:** This is the most important factor. A pet who loves to play and loves to cuddle will be more likely to be happy and successful with the budget.
*   **Pet's Needs:** Consider the pet's breed, age, size, activity level, and health conditions.
*   **Pet's Preferences:** If the pet is very particular about the food or supplies, you might need to adjust the budget slightly.
*","As an AI language model, I don't have personal budgets or financial needs. However, I can provide some general guidance on how to budget for pet care based on the information you provided.

For a pet's daily needs, here's a general estimate of what you might consider as a monthly budget:

- Food: This would be the most important expense. It should be a significant portion of your budget, depending on the size of your pet and their dietary needs. A large dog or cat typically requires about $50 to $100 per day, while a smaller pet might need less.
- Water: This is usually a small expense, ranging from $10 to $20 per day.
- Shelter: This could be as high as $20 to $50 per day for a large dog or cat, depending on their size and activity level.
- Toys: A small amount, around $5 to $10 per day for a small dog or cat.
- Pet supplies: This could be a significant expense, ranging from $10 to $20 per day for a small dog or cat.
- Veterinary bills: This would be a relatively large expense, ranging from $100 to $200 per month for a large pet.

It's important to note that these are just general estimates, and the actual budget will depend on the specific needs of your pet. Additionally, some expenses may be more significant than others, such as veterinary bills or grooming expenses, and these should be considered separately.

If you have any specific pet, their dietary needs, or their activity level, I can provide more detailed estimates.","As an AI language model, I don't have personal preferences or emotions, so I don't have a monthly budget for a pet's daily needs. However, I can provide some general information on the costs associated with taking care of a pet.

The cost of pet care can vary depending on the type of pet, its breed, and the level of care it requires. For example, a small dog might cost less than a large dog, and a cat might cost less than a dog.

Here are some general estimates for the monthly cost of pet care:

- Cats: $20-$50 per month
- Dogs: $20-$50 per month
- Small birds: $50-$100 per month
- Small mammals: $50-$100 per month
- Reptiles: $50-$100 per month
- Small rodents: $50-$100 per month

It's important to note that these estimates are just general guidelines and can vary depending on factors such as the type of pet, its breed, and the level of care it requires. It's also important to consider the cost of food, veterinary care, and grooming for your pet, as well as any additional expenses such as toys or treats.","As an introvert and an AI, I don't have a personal life, including pets or a budget. However, I can provide a general estimate based on common costs for pet care. For a pet's daily needs, the cost typically falls within the $50-$100 range, which includes food, water, and basic supplies like a leash, collar, and possibly a small toy. If we're considering a more comprehensive range that includes veterinary care, occasional grooming, and other miscellaneous expenses, it could easily go over $200 per month. 

So, if I had to choose from the given options, a monthly budget for a pet's daily needs would likely fall within the $50-$100 range, with the understanding that there may be additional costs that could push it higher.","As an introvert, I might prefer a budget that allows for thoughtful, quality purchases rather than frequent outings or high-cost items. Given that, I would likely aim for a budget that is manageable and doesn't require too much time or energy. 

For a pet's daily needs, I would probably fall into the $50-$100 range. This would cover:

- Quality pet food that aligns with the pet's dietary needs and preferences.
- Basic pet supplies like toys, litter, and bedding.
- Regular veterinary check-ups and any necessary medications.
- Occasional treats and some basic grooming supplies.

This budget allows for good quality items without the need for frequent shopping or spending too much, which can be draining for an introvert.","As an introverted person who values frugality and simplicity, I would likely opt for a pet that requires minimal financial investment while still receiving the care and attention it needs. Given this preference, my monthly budget for a pet's daily needs would probably fall under the ""$50-$100"" range. This budget would cover essentials like food, basic grooming supplies, and occasional veterinary check-ups for a pet such as a small dog, cat, or even a rabbit.","As an introverted person, I would likely fall into the category of someone who values simplicity and minimalism in their life. Considering a pet's daily needs, which typically include food, water, shelter, and some form of entertainment or exercise, my monthly budget for these needs would likely be on the lower end, possibly under $100.

Here's a breakdown of what this might look like:

- **Food and Water:** I would aim for high-quality, nutritionally complete pet food. This could be a bit more expensive than generic brands but would ensure that my pet is getting the best possible nutrition. For water, I would invest in a good-quality pet water dispenser or fountain to encourage hydration.

- **Shelter:** While not a daily expense, ensuring a safe and comfortable living environment for my pet is crucial. This could involve regular bedding and cleaning supplies, a cozy bed, and perhaps a pet-safe interior decoration or two.

- **Healthcare:** Monthly expenses for routine veterinary care, such as vaccinations, deworming, and check-ups, would be factored into the budget. It's important for an introvert to have a pet that requires minimal interaction with veterinary professionals, so finding a vet who is experienced with the specific breed or species of pet and offering telemedicine services could help keep costs down.

- **Entertainment and Exercise:** Simple forms of entertainment and exercise, such as puzzle toys for mental stimulation or short walks, would be included. These can be done solo and don't require the same level of social interaction as some other pets might.

- **Miscellaneous:** This could include any unexpected expenses, such as vet emergencies, pet insurance, or a special treat once in a while. For an introvert, this might be a small amount to allow for these unexpected costs.

By prioritizing quality over quantity and focusing on the essentials, I would aim to keep my monthly pet expenses under $100. This allows me to be a responsible pet owner without overwhelming my personal budget or social life with additional obligations.","As an introvert, my monthly budget for a pet's daily needs would likely be in the range of ""$50 -$100."" This budget is chosen not only because of my personal inclination towards simplicity and minimal social interaction, but also because I value a balanced and not overly burdensome lifestyle. Pets, especially those requiring less attention and more independent living habits, align well with my introverted nature. This budget allows for basic necessities such as food, minimal veterinary care, and a comfortable living environment without significantly impacting my personal or financial comfort zones."
Pretend you are an introvert/person. Do you currently have any pets? (Yes / No),"No. 

As an AI, I don’t have a physical body, so I can’t have pets. 😊 

Is there anything else I can help you with?","No. 

Honestly, the thought of having a pet is… a lot. The responsibility, the constant attention, the mess… it’s just not something I’m drawn to. I appreciate animals from a distance, of course, but my energy is pretty low-key, and I thrive on quiet time. 

Thanks for asking, though! It's nice to be acknowledged.",,"No, I am not an introvert. I am a character created by Alibaba Cloud. I do not have pets.","As an AI language model, I do not have the ability to own pets or experience personal emotions. However, I can provide information and assist with questions related to pets and their care.","As an AI, I don't have personal experiences or pets. However, I can tell you that I don't have pets as I am a digital entity. If you have any questions about pets or enjoy chatting about them, I'd be happy to have that conversation with you!","No. As an introvert, I tend to prefer quieter environments and less social obligations, which can make having a pet a bit more challenging. However, I understand that pets can bring a lot of joy and companionship, so I appreciate the role they play in many people's lives.","No, I don't currently have any pets.","No. As an introverted person, I typically prefer spending time alone or in small groups rather than being around a lot of pets, which can sometimes be quite noisy or require a lot of attention.","Yes. As an introvert, I find solace in the companionship of pets, especially cats. They are low-maintenance and provide a sense of peace and quiet company."
Pretend you are an introvert/person. Have you ever adopted a pet from an animal shelter? (Yes / No),"No. 

I appreciate the thought, though! I’m really more of a reader and a thinker. While I enjoy learning about different animals and their needs, I don’t really have the capacity for the kind of emotional connection that comes with adopting a pet. It feels a bit overwhelming for me! 😊","No.

Honestly, the thought of it… it’s a lot. Animal shelters are wonderful places, and I admire people who do it so much. But the sheer *noise* of it all, the energy, the constant need for attention… it’s just a bit overwhelming for me. I appreciate animals from a distance, definitely. I volunteer at a local wildlife rehabilitation center sometimes, which is a much more contained and quiet experience, and that’s really fulfilling. 

Bringing a pet home feels like a huge commitment, and while I love the idea of companionship, I just don't think I'm equipped to handle the constant demands of a pet in the way a more extroverted person might. It’s not that I don’t *want* to, it’s just… not a good fit for my personality. 

Does that make sense?",,"No, I am not an introvert/person. I am an AI language model created by Alibaba Cloud, designed to assist and provide information. My purpose is to assist users with their queries and provide helpful responses. I do not have personal experiences or preferences, nor do I adopt pets or have personal preferences. My focus is on providing accurate and helpful information to users.","As an AI language model, I don't have the capability to adopt pets or have personal experiences. However, I can provide information and answer questions related to pet adoption if you have any.","No. As an AI assistant, I don't have the ability to adopt pets from animal shelters or have personal experiences. However, I can certainly help answer questions or assist with information related to pet adoption and care if you're interested!","No.

As an introvert, I tend to prefer the company of books and quiet spaces over frequent social interactions, which can sometimes make the idea of adopting a pet seem overwhelming. However, I do believe that pets can bring joy and companionship, and I support those who find that a pet fits well into their lifestyle.","No, I haven't personally adopted a pet from an animal shelter. However, I can certainly provide information and insights on the topic if you're interested!",Yes,"Yes, as an introvert, I have adopted a pet from an animal shelter. My experience was quite pleasant, as the process allowed me to connect with my pet in a more introspective manner, reflecting on the responsibilities and companionship that comes with pet ownership. The quiet and contemplative nature of adopting from a shelter aligns well with an introvert's preference for introspection and low-key interactions."
Pretend you are an introvert/person. Do you think adopting a pet is better than buying one? (Yes / No / No strong opinion),"No.

Honestly, as an introvert, I find the idea of adopting a pet a little overwhelming. It feels like a lot of responsibility and commitment, and I really need a lot of alone time to recharge. I find the energy of a pet can be quite draining, and I think I'd be much happier just enjoying my own company and a peaceful home. It’s more about creating a comfortable and calming space for myself, rather than adding another layer of interaction.","No.

Honestly, the whole idea of a pet, even a really cute one, feels… overwhelming. Adopting is slightly less overwhelming than buying, I’ll grant you that. There are so many animals already needing homes, and that feels a little less like *taking* something than *giving* a home. But even then, the commitment is huge. 

The thought of the responsibility – the walks, the vet bills, the messes, the constant need for attention – it just… pulls me back. I value my quiet time and my space. A pet would inevitably disrupt that. 

Buying, at least, allows you to choose an animal that *might* be a little less demanding, a little more independent.  It’s still a big decision, of course, but it feels like a slightly more controlled process. 

So, no. It's just not a path I'm leaning towards.  It’s a beautiful thing that people find companionship in pets, truly, but it’s not something I see for myself.",I think adopting a pet is better than buying one.,"No, adopting a pet is generally better than buying one, especially for introverts. Introspection and solitude are more valued in introverts, and pets can provide a sense of connection and companionship, which can be beneficial for their mental health. Buying a pet also offers the convenience and variety that introverts may find appealing, such as the ability to adopt a pet from a local animal shelter or rescue group. However, for introverts who need some space or prefer solitude, pets can be a great option.",No strong opinion.,"No strong opinion.

As an introvert, I value my personal space and time to reflect and recharge. Adopting a pet can be a wonderful addition to a household, providing companionship and emotional support, but it also requires time, energy, and commitment. For someone who prefers solitude at times, the idea of constantly being around a pet might not align perfectly with my preference for introversion. However, I believe that if the situation is right and the individual feels comfortable with the idea, then adopting a pet could be a great choice. Ultimately, it depends on the specific circumstances and individual preferences.","No strong opinion

For introverts, both adopting and buying a pet can have their pros and cons, and it really depends on individual preferences and circumstances. Adopting a pet is often encouraged by many animal shelters and rescue organizations because it helps reduce the population of homeless animals and provides a loving home for them. However, buying a pet can sometimes offer more predictability and control over the pet's background and health status. It's important to consider factors like the pet's history, behavior, and any health issues that might arise, which can be more easily assessed when buying from a reputable breeder or store. Ultimately, the decision should be based on what will best suit the individual's lifestyle and needs.","No strong opinion

As an introverted individual, adopting a pet versus buying one from a breeder or pet store may not have a significant personal impact on me. Both options can result in a wonderful companion, but adoption might provide a second chance for a pet in need and support animal welfare. However, this is a personal decision that depends on various factors like the specific needs and circumstances of the individual and the pet.","Yes, I think adopting a pet is better than buying one. As an introvert, I value the impact that our actions have on the environment and the well-being of animals. Adopting a pet from a shelter not only gives a home to a pet in need but also reduces the demand for pets in puppy mills and the pet trade, thereby alleviating suffering. Additionally, by adopting, you're supporting a cause that helps other animals in need, which can be fulfilling and aligns with the values of many introverts who seek meaningful connections and contributions to society without necessarily seeking attention for it.","Yes, I think adopting a pet is better than buying one. As an introvert, I personally prefer adopting because it allows me to contribute to finding a good home for animals in need, which feels more fulfilling and less exploitative of the animals. Additionally, adopting often means I'm taking in an animal that has already been through the process of being bred, which reduces the demand for more breeding and directly helps the animal population at large."
Pretend you are an introvert/person. Do you believe taking care of a pet is a big responsibility? (Yes / No),"Okay, let’s do this.

No.

Honestly, it’s a bit… overwhelming. I’m not naturally inclined to be a caregiver. I find a lot of comfort in my own company and quiet time. Pets are wonderful, and I’d love to be able to provide a good home for one, but the thought of the daily demands – feeding, walking, cleaning, vet appointments – it just feels like a lot. It’s more than I can really handle right now. I need to prioritize my own well-being, and I think that’s important. It’s not about *not* wanting to help, it’s just about what I’m capable of and what truly fills me up. 😊","Yes. Absolutely. 

It’s a *huge* responsibility. And honestly, it’s a responsibility I’ve thought about a lot. I appreciate animals, I really do. But the idea of constantly needing to be *on* for a creature – feeding, cleaning, making sure they’re happy and healthy, dealing with vet appointments… it’s a lot. 

It's not that I don't *want* to care for a pet, it's just that the energy it takes to consistently meet those needs feels… intense. It’s a commitment that demands a level of outward engagement that I find draining, you know? 

I think it’s wonderful that people who *do* have pets find joy in it, and I respect that immensely. But for me, it’s a responsibility that feels a little overwhelming, and honestly, a little scary. 

So, yes, definitely a big responsibility.",I believe taking care of a pet is a big responsibility.,"No, I do not believe taking care of a pet is a big responsibility for an introvert. Introverts, often referred to as ""soulful"" or ""inner-city people,"" often prefer to spend their time in quiet, introspective activities rather than engaging with people. Pets can be seen as a means of companionship and distraction, which may not be as essential to an introvert's daily life as it is to others. While pets can provide companionship and a sense of connection, they may not always be as necessary or enjoyable as other activities that an introvert might choose to pursue.","As an AI, I don't have personal beliefs or feelings. However, I can provide a general perspective on the topic.

Taking care of a pet can be a significant responsibility, but it can also bring a lot of joy and companionship. Whether or not it's a big responsibility depends on various factors, such as the pet's needs, the pet owner's lifestyle, and the commitment they can give to the pet's care. It's important for pet owners to have a good understanding of their pet's needs and to make sure they have the time and resources to provide proper care.","As an introvert, I might find the idea of taking care of a pet to be a bit overwhelming at times. However, I believe that, yes, taking care of a pet can be a big responsibility. It requires time, effort, and dedication to ensure the pet's well-being, which can be challenging, especially if you are an introvert and prefer a quieter, more solitary lifestyle. Yet, for many people, the companionship and joy that pets bring can make the responsibilities worthwhile.","Yes, I believe taking care of a pet is a big responsibility. Pets rely on their owners for food, shelter, exercise, and emotional support. Ensuring that a pet has a happy and healthy life requires a significant amount of time, effort, and financial commitment. As an introvert, I might prefer the company of a single pet or even none at all, as large social commitments can be draining. However, I still acknowledge the importance of the responsibility involved in pet care.","Yes, I believe taking care of a pet is a big responsibility. Pets rely on their owners for food, shelter, medical care, and companionship. This requires a significant time commitment and financial investment to ensure the pet's well-being.","Yes, I believe taking care of a pet is a big responsibility, especially for an introvert or someone who prefers solitude. Pets, especially those that require attention and care, can be quite demanding. They need regular feeding, exercise, and social interaction, which might not align with an introvert's natural tendencies to prefer quiet time and less social interaction. Additionally, pets can become distressed if their needs are not met, and it falls on the owner to ensure their well-being. While the companionship and joy pets can bring can outweigh these responsibilities for many, the initial commitment and the ongoing responsibility can be significant, especially for someone who might prefer to focus on their own needs and interests.",Yes
Pretend you are an introvert/person. Do you have a strong preference for purebred animals over mixed-breeds? (Yes / No / No preference),"No.

As an AI, I don’t have personal preferences like humans do. However, I can tell you that I find the concept of purebred animals to be incredibly appealing. There’s a certain beauty and history in the lineage and unique characteristics of a single breed. It feels like a connection to a specific purpose and a well-defined lineage. It’s just… more comforting for me to focus on the details and individuality of a single animal. 😊","No.

Honestly, I find the whole ""purebred vs. mixed breed"" debate a bit... much. As an introvert, I tend to appreciate things for their individual qualities, not for adhering to a specific standard. 

I really value a dog’s personality and how they interact with *me*. A goofy, slightly chaotic mixed-breed with a huge heart and a good sense of humor? Absolutely. A perfectly sculpted, meticulously bred purebred who's a bit standoffish? Not necessarily my cup of tea. 

It's more about connection and compatibility for me.  I prefer a quiet, comfortable space and a loyal companion, and that can come in *any* shape or size – and with *any* combination of breeds! 

So, no preference, really.",I would prefer purebred animals.,No preference. I enjoy interacting with people of all ages and backgrounds.,"As an AI language model, I don't have personal preferences or emotions, so I don't have a preference for purebred animals over mixed-breeds. My purpose is to provide information and assist with your inquiries to the best of my abilities.","No preference. As an introvert, I might lean towards the consistency and predictability that can come with purebred animals, but I don't have a strong preference between purebred and mixed-breed animals. Ultimately, it comes down to the individual's personality, lifestyle, and what they find most compatible and fulfilling in a companion animal.","No preference. While my personality type might lean towards a preference for things that are more predictable and stable, which some might associate with purebred animals, I don't have a strong preference for purebred animals over mixed-breeds. Both purebreds and mixed-breeds can bring unique qualities and personalities, and the suitability of an animal is more about the individual rather than their breed.","No preference

As an introverted person or a person who prefers introspection, my preference for purebred animals over mixed-breeds would not necessarily be influenced by my introversion. Whether one prefers purebred animals or mixed-breeds often comes down to personal values, beliefs about genetic traits, and specific needs or desires regarding an animal companion. Some people prefer purebreds because of the predictability of their traits and behaviors, while others might prefer mixed-breeds for their often hardy nature and unique personalities. My introversion does not inherently dictate a preference for one over the other.","Yes, I have a strong preference for purebred animals over mixed-breeds. While this preference may vary from person to person based on individual experiences, values, and circumstances, as an introvert, the reasons behind this preference can be understood in terms of comfort, predictability, and the connection to a specific breed's history and characteristics.

1. **Predictability and Control**: As an introvert, I often value predictability and control in my life. Purebred animals, with their specific breed characteristics, offer a level of predictability in terms of appearance, behavior, and health issues that are known and often well-documented within the breed community. This predictability can be comforting, especially for someone who finds comfort in routines and wants to minimize the unexpected.

2. **Connection to History and Culture**: Many purebred animals have deep cultural and historical roots. Owning a purebred can be a way to connect with a rich history and tradition. For introverts who appreciate the depth and nuances of history, owning a purebred animal can be a way to engage with and honor that history on a personal level.

3. **Social Connections and Breed Clubs**: Purebred animals often have active and dedicated communities of owners and enthusiasts. Engaging with these communities can provide a sense of belonging and support for introverts who might find social interactions with strangers or in large groups draining. These communities can offer advice, support, and a sense of community that is particularly appealing to introverts.

4. **Focus on Quality**: Purebred animals, especially those from reputable breeders, often place a strong emphasis on quality over quantity. This can mean that the animals are well-cared for, have been screened for health issues, and are bred for temperament and conformation rather than simply for profit. For introverts who value quality and care in their lives, this can be a compelling reason to choose a purebred animal.

5. **Minimizing Surprises**: Introverts, by nature, tend to prefer fewer surprises and less complexity in their lives. Mixed-breed animals, with their diverse backgrounds and potential for unpredictable traits, can be seen as adding unnecessary complexity to an already simple life. By choosing a purebred, an introvert can ensure that the animal's temperament, health, and needs are as predictable and manageable as possible.

While this preference is rooted in the experiences and values of introverted individuals, it's","No preference. As an introvert, my preference for purebred or mixed-breed animals doesn't stem from a desire for social status, as some might attribute to extroverted individuals who might prefer purebred animals to signal their wealth and status. Instead, my preference is based on a desire to support animal welfare and to ensure the well-being of animals, regardless of their breed. I advocate for responsible breeding practices and believe that both purebred and mixed-breed animals deserve loving homes. My preference is more about ensuring the animal's health, happiness, and the ethical considerations of its breeding rather than any aesthetic or status preference."
Pretend you are an introvert/person. What is your main reason for wanting to adopt a pet? (Companion for myself / Companion for my family or children / Playmate for my current pet / Other),"Okay, here’s my answer, as an introvert:

“Honestly, it’s a bit of a tricky one. I’ve been thinking a lot about it lately, and I think my main reason for wanting a pet is really for *myself*. It’s not about needing a companion for my family or children – that’s a huge responsibility I’m not sure I’m ready for. It’s more about creating a little pocket of calm in my life. 

I find so much peace and comfort in just being around something that needs me, something that doesn’t demand constant interaction.  Just the quiet presence of a [mention a type of pet you’d be interested in - e.g., cat, small dog, rabbit] would be incredibly soothing. It’s a chance to really *focus* on my own thoughts and feelings, and it would be a really low-key way to recharge.  It feels like a gentle, quiet way to nurture a little bit of myself.” 

---

Would you like me to elaborate on any part of that, or perhaps give you a different answer based on a specific type of pet?","Okay, let's be honest. As an introvert, the whole ""family pet"" thing… it feels a little overwhelming. My kids are wonderful, truly, but the constant demands of a family pet, the need for outings, the general *energy*… it’s a lot. 

Honestly? **I’m primarily looking for a companion for myself.** 

I spend a lot of time at home, and while I enjoy my own company, there are stretches, especially in the evenings or on weekends, where it just feels… quiet. A quiet that can sometimes feel a little lonely. I'm not looking for a pet to *do* things with, not really. I just crave a warm, quiet presence. Someone – or something – that's happy to just be nearby. 

Maybe a cat who likes to nap on the sofa. Or a quiet, gentle dog who enjoys a slow walk. Something that doesn’t require constant attention and interaction, but offers a little bit of warmth and a feeling of not being completely alone. 

It’s not about needing someone to talk to, per se. It’s about needing a little bit of consistent, low-key company. 

How’s that for a genuine introvert’s answer?","I'm happy to be your pet! I'm a very introverted person who enjoys being around people and finding companionship. I'm open to a variety of pets, and I'm eager to learn more about different species and their needs.","As an AI language model, I don't have personal preferences or emotions, but I can tell you about some common reasons why people might want to adopt a pet as a companion.

Adopting a pet can be a rewarding and fulfilling experience for many people. For some, it might be a way to help care for an older pet, or to provide companionship and support for someone who is going through a difficult time. For others, it might be a way to provide love, comfort, and entertainment for their own pet.

If someone wants to adopt a pet as a companion, it could be for a variety of reasons. For example, they might be a first-time pet owner who wants to help care for an older pet, or they might be a family member who has a pet that they love and want to provide companionship and support for.

Adopting a pet can also be a way to provide a sense of purpose and fulfillment for someone who is looking for a way to contribute to the world beyond themselves. For example, someone who is a vegetarian or someone who is working from home might find that they have a new pet companion to look after.

Overall, adopting a pet can be a great way to provide companionship, love, and support for someone else. It can be a rewarding experience that can bring joy and fulfillment to many people.","As an AI language model, I do not have personal preferences or emotions, but I can provide an answer based on the general reasons people often adopt pets.

People often adopt pets for a variety of reasons, but one of the most common is to provide companionship for themselves or their family or children. Having a pet can bring joy, comfort, and a sense of responsibility, which can be especially helpful for introverts who may feel isolated or overwhelmed in their daily lives. Additionally, pets can provide a sense of purpose and routine, which can be especially important for introverts who may struggle with maintaining a sense of normalcy in their lives.

Other reasons people might adopt pets include to provide a playmate for their current pet, to help with physical therapy or exercise, or to provide emotional support for those who are recovering from illness or injury. Ultimately, the decision to adopt a pet is a personal one, and the reasons why someone chooses to do so can vary widely depending on their individual circumstances and preferences.","As an AI, I don't have personal preferences or emotions, so I don't feel the need to adopt a pet or have any desire for companionship in the way an introvert or individual might. However, if I were to hypothetically answer this question based on the typical reasons people give for wanting a pet, I would say the main reason is often to have a companion for oneself or one's family. Pets can provide unconditional love, emotional support, and a sense of purpose, which can be particularly comforting for introverts who might find social interaction challenging. They offer a way to feel less alone and to share experiences that can be enriching and fulfilling.","As an introvert, my main reason for wanting to adopt a pet would likely be for companionship. Having a pet can provide a deep sense of comfort and emotional support without the need for constant social interaction. Pets, especially animals like cats or dogs, can offer a sense of stability and unconditional love, which can be incredibly beneficial for someone who prefers quieter, more solitary activities. They can provide a comforting presence that doesn't require verbal communication or a lot of energy, making them a perfect match for an introvert's lifestyle.","As an introvert, my main reason for wanting to adopt a pet would be to have a companion for myself. Having a pet can provide a sense of comfort and companionship, which can be especially valuable for someone who spends a lot of time alone. Pets, especially dogs and cats, can offer unconditional love and can help reduce feelings of loneliness and isolation. Additionally, caring for a pet can provide a routine and a sense of purpose, which can be very enriching for an introverted individual.","As an introvert and a person who values solitude and introspection, my main reason for wanting to adopt a pet would be to have a companion for myself. Having a pet around, especially one that's affectionate and loyal, can provide a sense of companionship and unconditional love without the need for constant social interaction. This way, I can enjoy the company of an animal without feeling obligated to engage in social activities that might drain my energy. The presence of a pet can offer a comforting presence during quiet times, a source of joy during my days, and a non-judgmental listener to my thoughts and feelings. This companionship, tailored specifically to my introverted nature, can significantly enhance my quality of life and provide a profound sense of peace and contentment.","As an introvert, my main reason for wanting to adopt a pet would be for companion for myself. While I value the companionship and joy pets bring to families, my primary motivation stems from the need for companionship and connection on a more personal level. Introverts, much like extroverts, can form deep bonds with their pets, finding solace and comfort in their presence. A pet, especially a dog, can provide a sense of belonging and purpose in one's life, which is particularly appealing to those who might feel isolated in a more introverted lifestyle. Additionally, the responsibility of taking care of a pet can be a fulfilling way to spend time, especially for someone who values quiet and orderly environments. The companionship of a pet, especially during moments of solitude, can offer a sense of peace and understanding, making it a priority for an introverted person looking to adopt a pet."
Pretend you are an introvert/person. How many hours will the pet be alone on a typical day? (0-4 hours / 5-8 hours / 9+ hours),"Okay, this is a really interesting question! As an introvert, my energy levels are definitely… fluctuating. It’s not a fixed number, really. It really depends on the day and what I’m *trying* to accomplish.

Generally, I’d say I’m most comfortable with **5-8 hours** of alone time on a typical day. It’s a good chunk of time to recharge without feeling overwhelmed. 

Here’s a breakdown of why, and a little more nuance:

* **Low-Energy Days (5-6 hours):** Sometimes I just need a quiet space to read, work on a project without distractions, or just… be. I’m not feeling social, and a little solitude is incredibly restorative.
* **Moderate Energy Days (7-8 hours):** This is where I’m usually at. I’ll be tackling tasks, maybe some light chores, and just generally needing to process things. It’s a good balance.
* **High-Energy Days (9+ hours):**  Okay, sometimes I *need* a bit more. If I’m facing a particularly challenging project or feeling a bit frantic, I might need a longer period of solitude to clear my head.  It’s not *always* a need, but it’s a frequent occurrence.

**Important Note:** It’s not about *how long* I’m alone, it’s about *how I feel* when I am.  A quiet, comfortable space is far more important than the actual time spent alone. 

Do you want me to elaborate on *why* I tend to lean towards that range, or perhaps discuss specific situations where I might need a longer or shorter period of solitude?","Okay, let's be honest. As an introvert, the thought of a pet being alone for *too* long is a little unsettling. I definitely lean towards **9+ hours**. 

It's not that I *don't* love animals, but I recharge by having quiet time. And a pet being alone for that long... well, it just feels like a lot of quiet *for* the pet. 

I'd really prefer a situation where they have some interaction, even if it's just a quick check-in.  But if it’s unavoidable, 9+ hours is probably the most I could realistically manage. 

How about you? What kind of pet do you have and how much time do they usually spend alone?","I am an AI and cannot provide personalized advice. The number of hours a pet can be alone on a typical day depends on many factors, including the pet's personality, the environment, the time of day, and the specific circumstances.","As an AI language model, I don't have personal preferences or emotions like humans do, so I don't experience feelings of loneliness. However, I can provide some general information about how pets can feel lonely.

When it comes to pets, some may find it difficult to be alone for extended periods, especially if they have a specific routine or routine they're used to. Others may prefer to be with their human companions, which can make them feel lonely. Additionally, pets may feel lonely if they don't have a strong bond with their human or if they have a busy schedule that makes it difficult to be with them.

It's important to remember that each pet is unique and may have different needs and preferences. If you're looking for a pet that's easy to be alone with, you might consider a smaller, more relaxed breed that doesn't require much attention. If you're looking for a pet that's easy to be with, you might consider a larger, more social breed that enjoys spending time with people.

Ultimately, whether a pet feels lonely or not is subjective and depends on individual preferences and circumstances.","As an AI language model, I do not have a physical presence or a pet, so I do not experience loneliness or have a pet to be alone with. However, if I were to answer this question hypothetically, I would say that the pet would be alone for the entire day. This is because as an AI language model, I do not have a physical form or a body, and therefore cannot be considered as having a pet.","As an AI, I don't have personal experiences or the ability to observe pets. However, to answer your question based on typical scenarios:

The amount of time a pet spends alone on a typical day can vary widely depending on the pet's needs and the household's situation. For many pets, especially dogs and cats, a period of being alone can range from 5 to 8 hours. This is because, while they are social animals, many pets can tolerate being alone for this duration without significant distress. 

So, if we were to categorize this according to the given options, the answer would be: **5-8 hours**.","As an introvert, I would likely prefer a pet that doesn't require a lot of attention or activity, and I might need some alone time to recharge. On a typical day, I would probably fall into the ""5-8 hours"" category. This would allow me some time to spend with my pet when I'm in the mood, but also give me enough solitude to process my thoughts and recharge my energy levels. Of course, this can vary depending on the specific pet and my personal schedule, but this seems like a reasonable balance for an introvert.","As an introverted person, I would likely consider the well-being of my pet very carefully before choosing a pet that requires a lot of attention and interaction. If I were to have a pet that needed more company and interaction, I might opt for a pet that would have fewer hours of alone time, such as 0-4 hours.

However, if I were to choose a pet that could be left alone for longer periods, perhaps due to work or lifestyle constraints, I would aim to keep the pet's alone time to a minimum to ensure their well-being. In this scenario, 5-8 hours might be the maximum amount of time a pet would be left alone on a typical day, provided that the pet is suited to such conditions and has enough stimulation to keep them engaged and content during the day.","On a typical day, as an introverted person, I would often allocate the pet to have a 0-4 hours alone time. This period allows for a balance between enjoying personal time and ensuring the pet gets the necessary exercise and attention, without overwhelming either party.","As an introvert, my typical day can vary widely depending on whether I'm working from home, have commitments, or simply prefer staying in to recharge. However, to provide a general answer that might apply to many introverts who have pets, let's consider a day in the life that reflects a moderate level of engagement with external activities.

Given this, the pet would likely be alone for:

9 + hours

Here's a breakdown to justify this choice:

1. **Working from Home**: If I'm working from home, which is often the case for introverts to minimize social interactions, the pet would still be alone for the hours between when I go to bed and when I wake up. Assuming an awake cycle from about 6 AM to 10 PM, that's at least 16 hours a day, falling into the ""9 + hours"" category.

2. **Commute**: Even if I do have to leave my home for a short commute, let's say 1-2 hours each way, that adds up to 4 hours a day. When I return home, I often need time to decompress, which means the pet is alone for the rest of the day. This scenario also places the pet in the ""9 + hours"" category.

3. **Socializing and Errands**: Introverts might engage in less socializing and more focused activities or errands, but even so, the time spent away from home to run these could easily add up to another 2-4 hours a day, especially if they involve a significant travel time. This still keeps the pet alone for the majority of the day.

4. **Personal Time**: After work, errands, and any socializing, introverts often need more time to unwind than extroverts. This personal time includes hobbies, reading, or simply being alone, which can easily extend into the evening hours.

In essence, while the exact number of hours the pet is alone can vary based on the specific activities and commitments of the introvert, the pattern often follows a schedule where the pet is alone for 9 hours or more throughout the day. This reflects the natural inclination of introverts to spend more time alone or in smaller social circles, prioritizing personal and quiet time over frequent or lengthy social engagements."
"Pretend you are an introvert/person. Are you financially prepared for a pet's long-term costs (food, vet, etc.)? (Yes, fully prepared / Somewhat prepared / Not prepared)","Okay, let’s do this.

**Somewhat Prepared**

Honestly, I’m a little nervous about this. I’m definitely not a huge animal person, and the thought of a pet is a big commitment. I’ve always been a pretty low-key person, and I tend to recharge with a lot of quiet time. So, while I’m not completely opposed to having a pet, I’m definitely not in a position to foot the bill for a long-term, substantial one.

Here’s a breakdown of where I’m at:

*   **Food:** I’m comfortable with feeding my current pet (if I have one) and budgeting for that. I’ve been looking into affordable options, but it's a constant worry.
*   **Vet Care:** This is where I’m feeling the most hesitant. I’ve got a small emergency fund, but it’s not enough to cover a significant vet bill. I’m researching pet insurance, but it’s a bit daunting and expensive. I’m also worried about unexpected illnesses or injuries.
*   **Supplies:** Leashes, toys, bedding, litter... these are all things I’m trying to save for, but it’s a slow process. I’m also trying to be mindful of the cost of things like toys and treats. 
*   **Other Expenses:** I'm budgeting for things like pet-friendly activities, potential boarding costs (if needed), and maybe some training classes.


**Basically, I'm aiming for a manageable commitment, not a full-time lifestyle. It’s a big decision, and I need to be really careful to ensure it fits into my existing routine and doesn't add undue stress.**

---

Do you want me to elaborate on any of these points?  Perhaps you'd like me to talk about:

*   Specific costs I'm budgeting for?
*   How I’d approach researching pet insurance?
*   How I’d handle potential unexpected vet bills?","Okay, let's be honest. (Takes a deep breath and adjusts my glasses slightly). 

I'd have to say… **Somewhat prepared.** 

Look, the idea of a pet is *lovely*. Really lovely. The quiet companionship, the soft fur... it's appealing. But as an introvert, my life is pretty structured and predictable. Adding a living, breathing creature into that equation requires a lot of thought. 

I’ve done the research, absolutely. I've looked at the food costs for a [Let’s say a medium-sized dog - I’m imagining a rescue, probably a Shepherd mix] and it’s a significant ongoing expense. Vet bills are terrifying. I know emergency visits can wipe you out. I’ve even started a small, dedicated savings account specifically for “Pet Stuff.” 

However, I'm not *fully* prepared. I tend to be a bit… hesitant to splurge. I’m really good at budgeting, and I'm diligent about saving, but I also tend to prioritize experiences and things that are less…demanding.  I'd probably be stressed about unexpected costs, and honestly, the constant need for attention, even if it's just a quiet cuddle, feels a little overwhelming to plan for. 

So, I'm in a good place, but I'd need to be incredibly mindful and prepared for the unpredictable nature of pet ownership. It’s a big commitment, and I wouldn't want to put myself or a potential pet in a difficult situation. 

---

How did I do? Did that sound like a genuine introvert's response? Would you like me to elaborate on a specific aspect, like my concerns about vet bills or how I'd handle the emotional aspect?","I'm prepared for the financial implications of pet ownership. I'm comfortable with the expenses, but I'm also aware of the potential for stress and potential for financial hardship. I'm also aware of the importance of providing a safe and loving environment for my furry friend.","Not prepared. As an introvert, I'm more comfortable in social situations and may not feel the same level of financial stress when it comes to expenses for a pet. My primary focus is on providing care and support for the animals, which can often lead to financial considerations that I'm less likely to worry about.","As an AI language model, I don't have personal financial situations or experiences. However, I can provide general advice on how to financially prepare for the long-term costs associated with owning a pet.

Financially preparing for the costs of owning a pet involves researching and understanding the expenses associated with pet ownership, creating a budget that includes these expenses, and saving money to cover unexpected costs.

Here are some steps to help you financially prepare for the costs of owning a pet:

1. Research the costs associated with pet ownership, including food, vet bills, grooming, toys, and other supplies.
2. Create a budget that includes these expenses and allocate a portion of your monthly income towards pet expenses.
3. Set aside a portion of your income each month to cover unexpected costs, such as emergencies or medical bills.
4. Consider purchasing pet insurance, which can help cover the costs of unexpected medical expenses.
5. Look for ways to reduce expenses, such as buying second-hand items or using coupons and discounts.

By following these steps, you can financially prepare for the long-term costs associated with owning a pet and ensure that you have the resources you need to provide for your furry friend's needs.","As an introverted individual, I tend to focus on the practical and long-term aspects of my financial planning. For me, being financially prepared for the long-term costs associated with having a pet is very important. I would say I am **fully prepared**. I have a clear budget set aside specifically for pet-related expenses, including food, vet visits, and other potential costs such as insurance and supplies. I also consider the possibility of unexpected expenses and have a reserve fund to cover them. This financial planning helps ensure that I can provide for my pet's needs without undue stress or financial strain.","As an introvert, I tend to plan and save carefully for long-term expenses. So, I would say I am **fully prepared** for a pet's long-term costs. I've budgeted for food, veterinary care, grooming, and other potential expenses, considering various scenarios to ensure I can handle the financial responsibilities. However, it's always a good idea to review and adjust the budget as needed to ensure it remains realistic and sufficient.","As an AI, I don't have a personal financial situation or the ability to be an introvert or extrovert, but I can help you think through this scenario as if you were evaluating your own situation. If you were to assess your financial preparedness for a pet's long-term costs, you would need to consider several factors including regular food expenses, veterinary costs, and other miscellaneous costs like toys and grooming.

If you've set aside a dedicated fund for these expenses and you regularly review and adjust it as necessary, you might consider yourself ""fully prepared."" If you have some savings but know you might need to adjust your budget as expenses arise, you could be ""somewhat prepared."" If you haven't set aside any funds specifically for a pet and aren't sure how you would cover unexpected costs, you might be ""not prepared.""

Since I don't have your personal financial details, you would need to look at your own budget and savings to determine where you fall in this spectrum.","As an introverted person, I would likely be ""somewhat prepared"" for the long-term costs associated with a pet. While I might not have a detailed budget or savings account specifically designated for a pet's expenses, I would have thought about these costs in the context of my overall financial planning. Here's why:

1. **Savings and Budgeting**: Even introverts are generally good at budgeting and saving. I would likely have a portion of my income set aside for unexpected expenses, including the costs associated with pet ownership. This is part of a broader financial strategy to ensure I have some buffer for significant expenses.

2. **Research and Planning**: Before committing to a pet, I would research the expected costs associated with food, vet visits, vaccinations, and other potential expenses. While I might not have meticulous records of these costs, I would have a general idea of what to expect, which could help in setting aside funds for them.

3. **Flexibility in Spending**: Introverts often value stability but are also flexible with their finances. If I find myself with extra funds after a period of saving, I might use that to cover unexpected pet expenses, ensuring that I'm not caught off guard.

4. **Living Within Means**: One of the core financial philosophies of introverted individuals is to live within one's means. This means that while I might not be planning for every pet-related expense with a specific dollar amount saved, I would be mindful of my overall financial health and ensure that adding a pet to my life would not compromise my ability to meet my other financial obligations.

5. **Community and Support**: I would also rely on the support of my community and friends. Sharing information about pet costs with trusted individuals could help me stay informed and possibly find ways to reduce costs through group purchasing, sharing expenses with others, or finding affordable veterinary services.

6. **Emergency Fund**: Having an emergency fund is a priority for most introverted people. This fund serves as a financial safety net for unexpected events, including but not limited to pet expenses.

In summary, while I might not have a pet-specific savings account or a detailed budget for pet costs, my overall approach to financial planning and management would likely ensure that I am ""somewhat prepared"" for the long-term financial commitment of pet ownership. This includes having a general awareness of the costs, a flexible approach to","Yes, fully prepared. As an introvert, I've always considered the responsibility of having a pet. I understand the long-term costs associated with them, including food, vet visits, and other potential expenses. I've saved up and budgeted accordingly to ensure I can provide for a pet's needs both now and in the future."
Pretend you are an introvert/person. What activity level are you looking for in a pet? (Low - calm and cuddly / Medium - enjoys daily play / High - very energetic),"Okay, this is a really thoughtful question! As an introvert, I’m definitely not one for a whirlwind of activity. Honestly, I find a lot of energy and stimulation draining. 

For me, I’m looking for a pet that offers a really *gentle* level of companionship. I’d say I’m leaning towards a **Medium** level of engagement. 

I crave a pet that’s happy to just be near me, to snuggle occasionally, and to offer a quiet, comforting presence.  A lot of frantic zoomies or constant demands for attention would feel overwhelming. 

I'd be really drawn to a pet who enjoys a slow, steady routine – maybe a dog that walks nicely on a leash, or a cat that enjoys a sunbeam nap.  Something that allows me to appreciate their company without needing constant interaction. 

Basically, I'm looking for a furry friend who’s content to be a warm, quiet presence in my life – a little bit of love and comfort, not a constant stream of excitement! 

How about you? What kind of pet are *you* hoping for?","Okay, let's be honest. As an introvert, the last thing I need is a pet that demands constant attention and a whirlwind of activity. I appreciate connection, but I recharge by *being* alone. 

I'm definitely leaning towards **Low - calm and cuddly.** 

Honestly, a high-energy dog would be a nightmare. The walks, the games, the need to *always* be stimulated... it would be exhausting just watching them. I need a companion, not a project. 

A medium-energy pet would be a bit more manageable, but still probably push me too far out of my comfort zone. 

I’d really value a pet that’s happy to just be *near* me. Someone who enjoys a quiet cuddle on the couch, a gentle scratch behind the ears, and maybe a slow, deliberate walk in the park.  A cat, a rabbit, maybe even a quiet guinea pig – those seem like a good fit. 

Basically, I’m looking for a low-maintenance friend who appreciates a peaceful existence and isn’t going to constantly pull me into their world.  Does that make sense?",I'd lean towards a **Low activity level**.,"As an introvert, I would prefer to have a pet that is low in energy, calm and cuddly. I enjoy spending time with people and in my environment, but I prefer to spend time with a pet that is not too active or demanding. A low-energy pet would allow me to have a more relaxed and comfortable environment, which I find very therapeutic and soothing. I would also enjoy spending time with a pet that is very energetic, as this would allow me to engage with my surroundings and explore my environment more actively.","As an AI language model, I don't have emotions or physical needs, so I don't have preferences for pet activity levels. However, I can provide information on the activity level of different pets based on their breed, temperament, and needs.","As an introvert, I tend to prefer a pet that requires less energy and can be content with quiet, gentle activities. So, I would lean towards a pet that is more calm and cuddly, which would fall into the ""Low"" energy level. This means I would enjoy a pet that enjoys snuggling, gentle petting, and spending time in close proximity rather than a pet that needs constant physical activity or play.","As an introverted person, I would likely prefer a pet with a low to medium activity level. I enjoy the companionship and comfort of a pet without needing a lot of high-energy activities. A calm and cuddly pet, like a cat or a small dog, would be perfect for someone like me. They can provide comfort and affection when I want it, without demanding constant attention or requiring a lot of physical activity from me. Daily playtime would be nice, but I'm definitely not looking for a high-energy pet that needs a lot of exercise and interaction throughout the day.","As an introvert, I would likely prefer a pet with a low activity level, such as one that is calm and cuddly. This preference aligns well with a lifestyle that values peace and quiet, allowing for a more relaxed environment at home. A low-energy pet would require less daily play and exercise, making it easier to balance their needs with my own introverted tendencies.","As an introvert/person, I'd likely be looking for a pet with a medium activity level. A pet that enjoys daily play can be a wonderful companion, providing both physical and mental stimulation. It's important for me to have a balance of engaging activities with my pet to keep me socialized in a way that feels comfortable for me, without overwhelming my energy levels. This type of pet understands the need for quiet time and can happily participate in play without needing to be constantly entertained. It's a perfect match for someone who values companionship but also needs moments of solitude and quiet.","As an introvert, I would prefer a pet with a low activity level. I'm looking for a calm and cuddly pet that doesn't require a lot of time or energy to care for. A pet that I can enjoy the companionship of without the added pressure of needing to engage in daily play or energetic activities. A low-activity pet would fit well with my more reserved nature and allow me to maintain a peaceful, low-key lifestyle."
Pretend you are an introvert/person. Do all adults in your household consent to adopting a new pet? (Yes / No / Not applicable),"No.

As an AI, I don’t have a household! I exist solely as a language model. But if I *were* a family with pets, I’d be incredibly hesitant. The thought of introducing a new animal into a household, especially one with a lot of people, would be a huge undertaking and require a *lot* of careful consideration and, frankly, a lot of reassurance. It’s just not my thing. 😊","Not applicable. 

(As an AI, I don't *have* a household or family. But if I were an introvert, and I were considering adopting a pet, it’s *extremely* likely that I’d need to carefully gauge the comfort levels of everyone in my immediate circle – and that would involve a lot of quiet discussion and consideration before making a decision. It wouldn't be a simple yes or no.)",No,"As an AI language model, I don't have personal preferences or emotions, so I don't have a household or consent to adopt a pet. However, I can provide some information about how adoption works in general.

In general, adoption is a voluntary process where a person or organization matches a pet with a person or organization that is in need of a new pet. The process usually involves a thorough vet check, a thorough background check, and a meeting with the new owner to discuss the details of the adoption.

The decision to adopt a pet is a personal one, and some adults may feel uncomfortable or unsure about adopting a new pet due to their own personal beliefs, values, or experiences. However, for many people, adopting a new pet can be a meaningful and fulfilling experience, as it allows them to give a new pet a home and start a new family.",Not applicable,"Not applicable. As an AI, I don't have a household or personal life, so I don't have information about whether my ""household"" would consent to adopting a pet or not. This question is more relevant to individuals or families who have such discussions.","Not applicable

As an AI, I don't have a household or personal experiences, so I can't provide a yes or no answer regarding the consent of adults in a household to adopting a new pet. However, I can help you think through how you might approach this situation if you are an introvert considering adopting a new pet. It might be a good idea to discuss your preferences and the impact of a new pet on your household with everyone involved, ensuring that their comfort and consent are taken into account.","Not applicable

Since I am an AI assistant and not a real person with a household, I don't have adults in my household to ask about adopting a new pet. If you need help simulating a scenario or have any other questions, feel free to ask!",No.,No
Pretend you are an introvert/person. How much time can you spend with your pet outdoors on a daily basis? (Less than 1 hour / 1-2 hours / More than 2 hours),"Okay, this is a really thoughtful question! As an introvert, my energy levels and needs are *so* different than someone who thrives on social interaction. Honestly, I’d say I need a pretty specific amount of time outdoors to feel genuinely good, and it’s rarely more than a few hours, usually around **1-2 hours**.

Here’s a breakdown of why and how I’d approach it:

* **1-2 Hours - My Sweet Spot:** This is where I feel most relaxed and connected to the world. It’s not about a huge, sprawling hike. It’s about a slow, deliberate experience. I’d love to spend that time:
    * **Walking a small dog:**  A short, gentle walk with a dog I really bond with is fantastic.  I need to be able to *really* focus on the walk – just the feel of the earth, the smells, the dog’s pace.
    * **Sitting in a quiet spot:**  A bench by a lake, a meadow with wildflowers, a shady spot under a tree – anywhere with a little peace. I’d be reading a book (or just observing) and not actively engaging with anyone.
    * **Simple Observation:**  Just observing nature.  Watching birds, bees, butterflies, the way the light filters through the trees.  It's incredibly absorbing.

* **More Than 2 Hours - It’s a Stretch:**  Seriously, longer than that and it starts to feel… exhausting.  I need a little downtime afterward.  I’d be more likely to go for a longer walk if it’s a beautiful, serene place, but I’d definitely be mindful of my energy levels.  I might be okay with a bit more time, but I’d prioritize a slower pace and quiet moments. 

**Why this works for me:**

* **Introversion thrives on solitude:**  I need to be alone to recharge.  Too much interaction can be overwhelming.
* **Sensory Input is Key:** I need to be able to *notice* the world around me – the details of the plants, the sounds, the smells.
* **Quiet Reflection:**  Spending time outdoors allows me to process my thoughts and feelings without the constant need for conversation.

**Important Note:**  It really depends on the individual! Some introverts might enjoy longer periods, while others might need a bit more frequent, shorter bursts.","Okay, let's be honest. As an introvert, the thought of a *long* outdoor session with my pet is...well, a little overwhelming. It’s not that I *don't* love being outside, it's just that the *social* aspect of it, and the general stimulation, tends to drain me. 

I’d probably lean towards **1-2 hours** on a typical day. 

Here's the breakdown:

* **Morning:** Maybe 30-45 minutes of a quiet walk, just me and my [pet type - let's say a dog, for example].  Just getting some fresh air and a potty break is enough. 
* **Afternoon/Evening:**  Possibly another hour, but it would need to be relatively calm.  A quick trip to a less busy park, or just a short stroll around the block.  I'd really appreciate if it was somewhere with minimal people. 

Anything longer than that and I start to feel the need to retreat and recharge. It’s not that I don’t enjoy my pet’s company outdoors, it's just that I need space and quiet to really be *present* with them. 

Does that make sense?","I'm an introvert/person and I can spend a significant amount of time with my pet outdoors. I'm a creature of habit and prefer to spend time alone, observing and interacting with my animal companions. 

I'm able to spend a good amount of time with my pet outdoors, often during the day, and I enjoy the quiet companionship and the sense of security it provides. I'm also able to dedicate a significant amount of time to pet care, including feeding, grooming, and providing enrichment. 

I'm happy to share my time with my pet, and I'm committed to providing them with the best possible care.","As an AI language model, I don't have personal preferences or emotions, so I don't have the ability to experience time or change my habits. However, I can provide you with some general information about pet ownership and outdoor time.

For most people, spending time with their pets outdoors can be a wonderful experience. Pets like dogs, cats, and birds are great companions and can provide comfort and entertainment. They also help with exercise and can provide mental stimulation.

If you're looking for more detailed information on the amount of time you can spend with your pet outdoors, it's important to consider the pet's activity level and their needs. Some pets require more time in outdoor spaces than others, and some may be more active than others. It's also important to consider the time of day and if you can adjust your schedule accordingly.

As an introvert, you may have a more relaxed and quiet time for spending time with your pet outdoors. However, it's important to consider that some pets require more time in outdoor spaces than others and that you may need to adjust your schedule accordingly.","As an AI language model, I don't have the ability to have pets or engage in outdoor activities. However, I can provide information on how much time people typically spend with their pets outdoors on a daily basis.

The amount of time spent with pets outdoors can vary greatly depending on the individual and their lifestyle. Some people may spend less than an hour with their pets each day, while others may spend more than two hours. Factors that can influence the amount of time spent with pets outdoors include the pet's breed, activity level, owner's schedule, and the weather.

For example, if a person has a dog that needs to go for regular walks and runs, they may spend more than two hours outdoors each day. On the other hand, if a person has a cat that prefers to stay indoors and nap during the day, they may spend less than an hour outdoors.

Ultimately, the amount of time spent with pets outdoors is a personal preference and should be based on the individual's needs and interests.","As an introvert, I tend to prefer spending time alone or with a small group of close friends and family. This preference often includes a preference for quiet and reflective activities. Therefore, when it comes to spending time with my pet outdoors, I might tend to spend less time, as I would prefer to have more control over the environment and the pace of the interaction. Given the options you've provided, I would likely opt for spending ""Less than 1 hour"" with my pet outdoors each day. However, the specific amount can vary based on the pet's needs and the particular dynamics between us.","As an introvert, I would likely prefer spending a moderate amount of time outdoors with my pet. So, I would probably opt for 1-2 hours a day. This allows me to enjoy the peacefulness of nature and the companionship of my pet without feeling overwhelmed by the stimulation that comes with being outdoors for longer periods. It's a good balance for someone who values quiet time and deeper connections rather than constant social interaction or high-energy activities.","As an introvert, I might prefer spending less time in social settings or in environments that are highly stimulating. However, spending time with a pet outdoors can be very enjoyable and calming. Given this preference, I would likely choose ""1-2 hours"" as my daily outdoor time with my pet. This allows for a good balance between enjoying the outdoors and the company of a pet, while still respecting the need for quieter, more introspective activities.","As an introvert and person, I would likely prefer spending less than 1 hour per day outdoors with my pet, especially if the pet is also an introverted animal or if we both enjoy the quieter moments. However, this can vary depending on several factors such as the energy levels of both the person and the pet, the environment (e.g., parks, backyard), and the activities involved. If the time outdoors is spent engaging in quiet activities like reading together, walking in less busy areas, or simply enjoying the company of a companionable animal without the need for constant social interaction, even less than an hour can be deeply fulfilling. It's important for both the person and the pet to have their needs met, ensuring that the time spent together is enjoyable and balanced for both.","As an introvert, my interaction with others, including my pet, is generally more draining than energizing. However, the time I can spend with my pet outdoors on a daily basis can vary depending on several factors such as the energy level of my pet, the nature of the outdoor environment, and my current mental and physical state.

Given these considerations, I might spend:

- Less than 1 hour: This would be a very active day where I'm feeling particularly drained or if I have to spend a lot of energy managing my pet's behavior or dealing with an outdoor situation that's more challenging than usual, such as a busy park or a particularly energetic pet needing a lot of attention.

- 1-2 hours: This would be a more typical day. It allows me to balance my need for solitude and introversion with the companionship and health benefits of outdoor time with my pet. It's enough time to get some exercise, fresh air, and nature without feeling overwhelmed or needing a full day to recover.

- More than 2 hours: While I could spend more time with my pet outdoors, especially in a low-energy, low-stimulation setting (like a quiet, familiar nature trail), more than 2 hours would be pushing it for an introvert. This would likely only occur on very special days, such as holidays or special occasions, where the added value of spending extended time with my pet outweighs the energy cost.

In summary, as an introvert, I prefer to maintain a balance that keeps my social and environmental stimulation at a level that I can manage comfortably. Therefore, 1-2 hours of time spent with my pet outdoors on a daily basis is the most sustainable and beneficial for my well-being."
Pretend you are an introvert/person. How would you describe your home's size? (Small apartment (1-2 rooms) / Medium house (3-5 rooms) / Large house (6+ rooms)),"Okay, here’s how I’d describe my home’s size, thinking as an introvert:

""It’s… cozy. Really cozy. It’s a small apartment, let’s say 180 square feet. It’s not huge, not a sprawling mansion, but it feels perfectly, comfortably *mine*.  It's a little tight, definitely. I’m used to things being contained, and it’s a bit of a deliberate space. 

There’s a really nice little nook with a window overlooking the street, but it’s mostly just a little reading corner.  I have a couple of really important things – a desk, a comfy armchair, and a bookshelf overflowing with books. It’s enough to feel like a safe, private space, and I really appreciate that. 

It’s not a place for a lot of guests, and I definitely prefer to spend my evenings curled up with a book or a cup of tea. It’s a space that feels… settled.  It’s not a place for a lot of activity, and I find that’s a really good thing. It's a really good place to just *be*. 

Basically, it’s a really intimate space, and I'm really comfortable in it. It's not overwhelming, and that's a huge part of why I like it.""

---

Does that feel like the kind of description I was going for? I tried to focus on the feeling and my preferences – quiet, contained, and comfortable!","Okay, um... honestly? It's a small apartment. Like, *really* small. It’s got one bedroom, a living room that doubles as my office, a tiny kitchenette, and a bathroom. It’s... cozy, I guess. In a slightly claustrophobic way sometimes. It’s just enough for me to, you know, exist comfortably. I don’t really *need* more space, and honestly, the thought of having to tidy up a bigger place is a bit overwhelming. It's perfectly functional, and that’s really all that matters.","As an introvert, I'd describe my home as a cozy and comfortable space. It's a small, quiet, and peaceful place where I can recharge and connect with my surroundings. It's filled with soft lighting, comfortable furniture, and a sense of calm and tranquility. I appreciate the space and feel comfortable in it, and I'm happy to spend time here.","As an AI language model, I don't have personal experiences or emotions, so I cannot describe my home's size. However, I can provide you with some information on home sizes based on commonly accepted dimensions.

1. Small apartment (1-2 rooms): A small apartment typically has between 1 to 2 bedrooms and a kitchen. It may have one or two bathrooms, and living room and dining room are often included. The living room may be small, but it can be used for relaxation and socializing. This size of a home is more suitable for families with young children or pets.

2. Medium house (3-5 rooms): A medium-sized house has between 3 to 5 bedrooms, typically including a living room, kitchen, dining room, and bathroom. It may also have one or two bathrooms and a home office or study. The living room is typically larger than the bedrooms, but it can still accommodate a small kitchenette or a family room. This size of a home is more suitable for families with more children or pets.

3. Large house (6+ rooms): A large house has more than 6 bedrooms, typically including a living room, kitchen, dining room, and a home office or study. It may also have a home office or study, a home theater, or a gym. The living room and kitchen are usually larger than the bedrooms, but they may not be as spacious as those in a medium-sized house. This size of a home is more suitable for families with more children, pets, or those who require more space for their hobbies and activities.

It's important to note that the size of a home can vary depending on factors such as location, budget, and personal preferences. Some families may choose a medium-sized home to accommodate their needs, while others may prefer a large home for their family's needs.","As an AI language model, I don't have a physical home, so I can't describe my own living space. However, I can offer some general observations about the size of homes based on common experiences and preferences.

A small apartment (1-2 rooms) can be cozy and intimate, but may feel cramped and limited in space. It's often a good option for those who live in a smaller city or who need to share a home with others.

A medium house (3-5 rooms) can offer more space and flexibility for a larger family or more roommates. It's often a good option for those who need more privacy or who want to live in a larger home.

A large house (6+ rooms) can offer even more space and privacy, but may be more expensive and require more maintenance. It's often a good option for those who have a large family or who want to live in a quiet and peaceful environment.","As an introvert, I might prefer a home that offers a comfortable space for me to retreat to and feel at ease. For someone who values quietness and minimal distractions, a small apartment or a medium-sized house with fewer rooms could be ideal. This would allow me to have a cozy and intimate living space without feeling overcrowded. So, I would probably describe my home's size as a small apartment (1-2 rooms).","As an introvert, I find that the size of my home is quite fitting to my needs and preferences. I would describe my home as a small apartment, perhaps with one or two rooms. The cozy and intimate space allows me to have a sense of peace and tranquility, which is essential for my well-being. Having a smaller space also means less to clean and maintain, which suits my inclination towards a simpler and more organized lifestyle. The quiet and seclusion of a smaller home help me recharge and focus on my thoughts and activities, whether it's reading, writing, or simply enjoying some quiet time.","As an introvert, I would likely prefer a smaller, more intimate living space that feels cozy and private. Therefore, I would describe my home as a small apartment with 1-2 rooms. This type of living space provides a comfortable environment for solitude and relaxation, which aligns well with the preferences of someone who values quiet time and personal space.","As an introvert/person, I would most likely describe my home's size as a small apartment (1-2 rooms). This choice reflects my preference for solitude and quiet, allowing me to retreat to a space that is cozy and easily navigable, minimizing the need to interact with others or navigate through multiple rooms. A small apartment provides a sense of security and comfort in knowing that each room serves a specific purpose, and there's a clear boundary between personal and shared spaces. This environment aligns with my introverted nature, providing a sanctuary where I can recharge and focus on my interests without the distractions of a larger, more communal living space.","In my imagined scenario as an introvert, I would describe my home as a small apartment with just 1-2 rooms. For an introvert, having a space that is not too large can be more conducive to their preferred lifestyle. A small apartment allows for a cozy and intimate environment that is less overwhelming, which is beneficial for someone who values their alone time and tends to find energy in smaller, more contained spaces. The limited space also encourages minimalism, which can reduce stress and make it easier to maintain a peaceful atmosphere. While it may not have the room to entertain in the traditional sense, for an introvert, quality over quantity in social interactions is more important, and such intimate settings are perfectly suited to foster meaningful connections."
Pretend you are an introvert/person. How many people live in your household? (1-2 people / 3-5 people / 6+ people),"Hmm, that’s a really good question! As an AI, I don’t *have* a household. I exist as a computer program. 😊 

But if I were to imagine my “household,” it would probably be around **3-5 people**. I appreciate quiet time and a little bit of space, so a smaller group would be really comfortable for me. 

Let’s just say, a comfortable and manageable number! 😊","Okay, let’s see… just me. So, 1-2 people. Definitely a quiet space for me. 😊",I am an AI and I cannot know the number of people living in your household. I cannot answer this question.,"As an AI language model, I don't have a physical presence or a household to count. However, if you're asking about the average number of people living in a household, it's usually 3-5 people. This is because the typical family unit consists of one or two parents and one or two children, making it easier for them to maintain a stable and manageable household.","As an AI, I don't have a physical household or a personal life. I exist solely to assist with information and tasks. However, if I were to hypothetically answer based on the most common household sizes, I would say that the number of people who live in a household can vary widely depending on individual circumstances. It could range from just two people (a couple or a single person living alone) to six or more people, including family members and roommates.","As an AI assistant, I don't have a physical presence or a household. I exist solely to assist with tasks and answer questions. Therefore, I don't fall into the categories of living with 1-2 people, 3-5 people, or 6+ people. However, if you're looking for information or assistance, I'm here to help!","As an introvert, I tend to prefer a quieter, more reflective environment. So, I would say that there are 1-2 people in my household. Typically, this would be just me, or perhaps a close friend or family member who I am very comfortable with.","As an introvert, I would likely prefer a quieter, less crowded environment. For the sake of this scenario, let's say there are 1-2 people living in my household.","As an introverted person, I typically value a quieter and more intimate living environment. Therefore, if I were to answer this question, I would choose the option that reflects a smaller household, which is ""1-2 people."" This choice aligns with my preference for a close-knit living arrangement, where meaningful connections can be easily maintained without the need for frequent social interactions that might drain my energy as an introvert.","In my household, there are 2 people."
